pdbid,ligand,smiles
7T3Y,F8C,CC(C)CC(NC(=O)OC1CC2(CCN(C(=O)C(C)C)CC2)C1)C(=O)NC(CC1CCNC1=O)C(O)S(=O)(=O)O
7T3Y,F5L,CC(C)CC(NC(=O)OC1CC2(CCN(C(=O)C(C)C)CC2)C1)C(=O)NC(CC1CCNC1=O)C(O)S(=O)(=O)O
6VH2,QZ4,O=C(NC(CC1CCCCC1)C(=O)NC(CO)CC1CCNC1=O)OC1CCC(F)(F)CC1
5RGW,UGM,N#Cc1cncc(CC(=O)Nc2cccnc2)c1
7NBS,SV6,CCCC(NC(=O)C1C2CCCC2CN1C(=O)C(NC(=O)C(NC(=O)c1cnccn1)C1CCCCC1)C(C)(C)C)C(O)C(=O)NC1CC1
5SRP,RDN,O=C(O)C1CN(c2ncnc3[nH]c4ccccc4c23)CC12CCC2
7FR0,WW0,CCC(CC)NC(=O)c1ccnc2[nH]c(O)nc12
7BF6,U08,N#CC1(c2ccc3c(N)ncnn23)OC(CO)C(O)C1O
7MBI,YWJ,COc1cccc2[nH]c(C(=O)NC(CC(C)C)C(=O)NC(CC3CCCNC3=O)C(C)=O)cc12
8AZ9,OF6,CNCc1csc(-c2cccc(Cl)c2)n1
8DOY,T1X,COc1ccc(F)c2[nH]c(C(=O)NC(CC(C)C)C(=O)NC(CC3CCNC3=O)C(O)c3nc4c(F)cccc4s3)cc12
7SI9,4WI,CC(C)(C)C(NC(=O)C(F)(F)F)C(=O)N1CC2C(C1C(=O)NC(C=N)CC1CCNC1=O)C2(C)C
7RW0,7YZ,CC(C)C(NC(=O)OCc1cccc(Cl)c1)C(=O)NC(CC1CCCCC1)C(=O)NC(CO)CC1CCNC1=O
6W5L,T0D,CC(=O)OC(C(CC1CCNC1=O)NC(=O)C(CC(C)C)NC(=O)OCC(C)(C)c1cccc(Cl)c1)S(=O)(=O)O
7EN9,J7O,CNC(=O)c1cc(Br)cc([N+](=O)[O-])c1N1CCC2(CN(C(=O)c3cncc4cc(O)ccc34)CC2c2ccccc2)C1
2ZU4,ZU3,CC(=O)CCC(CC1CCNC1=O)NC(=O)C(CC(C)C)NC(=O)C(CNC(=O)C(C)(C)C)NC(=O)OCc1ccccc1
7TVX,G65,Cc1ccc(NC(=O)c2ccc(CN3CCN(C)CC3)cc2)cc1Nc1nc(-c2cccnc2)cs1
5S1W,WQV,CC(=O)Nc1cc(Br)c[nH]c1=O
5SRZ,RJ9,O=C(O)C1CCCCC1Nc1ncnc2[nH]c3cc(F)ccc3c12
5SRZ,RIZ,O=C(O)C1CCCCC1Nc1ncnc2[nH]c3cc(F)ccc3c12
5RU1,DFA,O=C(O)C(c1ccccc1)c1ccccc1
3TNT,G85,CCOC(=O)CCC(CC1CCNC1=O)NC(=O)C(Cc1ccccc1)NC(=O)C(COC(C)(C)C)NC(=O)OCc1ccccc1
7TGR,K36,CC(C)CC(NC(=O)OCc1ccccc1)C(=O)NC(CC1CCNC1=O)C(O)S(=O)(=O)O
7TGR,B1S,CC(C)CC(NC(=O)OCc1ccccc1)C(=O)NC(CC1CCNC1=O)C(O)S(=O)(=O)O
5REF,6SU,COC(=O)c1cccc(NS(C)(=O)=O)c1
5SS4,RKI,O=C(O)Cc1cccc(CNC(=O)c2ncnc3ccsc23)c1
7RME,5Z3,O=C(c1cc(=O)[nH]c(=O)[nH]1)N1CCN(c2ccc(Cl)c(C(F)(F)F)c2)CC1
7VVP,80I,COc1cccc2[nH]c(C(=O)NC(CC(C)C)C(=O)NC(CC3CCNC3=O)C(=O)COP(=O)(O)O)cc12
8DRW,1PE,OCCOCCOCCOCCOCCO
5SLJ,LKU,Cc1ccc(NC(=O)c2cccc(F)c2)cc1O
5S26,L46,CCc1c(C(=O)NC)[nH]c(C)c1C(C)=O
7SET,I70,CC(C)(C)NC(=O)NC(C(=O)N1CC2C(C1C(=O)NC(CC1CCNC1=O)C(O)C(N)=O)C2(C)C)C(C)(C)C
7JHE,SAH,Nc1ncnc2c1ncn2C1OC(CSCCC(N)C(=O)O)C(O)C1O
7JHE,MGP,C[n+]1cn(C2OC(COP(=O)(O)OP(=O)(O)OP(=O)(O)O)C(O)C2O)c2nc(N)[nH]c(=O)c21
5RLQ,UVA,CNc1ccccc1S(C)(=O)=O
7M8P,YSJ,O=c1[nH]cc(-c2cc(-c3cc(Cl)c(F)c(OCc4ccccc4Cl)c3)c(=O)n(-c3cccnc3)c2)c(=O)[nH]1
5SPR,S6C,O=C(O)CC1CCCN(c2ncnc3nc[nH]c23)C1
5SQI,QRC,CNC(=O)Nc1ccc(C(=O)NC2c3cccc(O)c3CC2C(=O)O)cc1
5SQI,QRI,CNC(=O)Nc1ccc(C(=O)NC2c3cccc(O)c3CC2C(=O)O)cc1
5REV,T4J,CC(=O)Nc1cccc(C(=O)N2CCSCC2)c1
6L70,K36,CC(C)CC(NC(=O)OCc1ccccc1)C(=O)NC(CC1CCNC1=O)C(O)S(=O)(=O)O
5SS3,RK9,CCC(=O)Nc1nc(C)c(S(=O)(=O)Nc2cccc(C#N)c2)s1
8CZU,P9R,CC(C)CC(NC(=O)OCC1CC1CC1CCCCC1)C(=O)NC(CC1CC=NC1=O)C(O)[S+](=O)(O)O
5SAC,VWG,O=C(NO)c1ccc2ccccc2n1
7RMZ,5ZJ,O=C(c1cc(=O)[nH]c(=O)[nH]1)N1CCN(c2ccc(C(F)(F)F)c(Cl)c2)CC1
5SRJ,R9L,O=S1(=O)CC(CNc2ncnc3[nH]c4cc(F)ccc4c23)C1
5SQO,QTF,O=C(O)C1(F)CN(c2ncnc3[nH]c4cc(F)ccc4c23)CC12CCC2
7RLS,5YN,O=C(c1cc(=O)[nH]c(=O)[nH]1)N1CCN(c2cc(Cl)c(Cl)c(Cl)c2)CC1
7VIC,ODN,CC1C(=O)C23C(O)C1CCC2C12COC3(O)C(O)C1C(C)(C)CCC2O
7TUQ,ALY,CC(=O)NCCCCC(N)C(=O)O
5REL,T2G,CC(=O)N1CCN(Cc2cccc(C)c2)CC1
5SPS,S6N,CC1(C)CCC(C(=O)O)CN1C(=O)c1ncnc2[nH]ccc12
5RTQ,4JO,Cc1nc(N)ccc1Br
5S2S,GWV,CC(C)NCc1ccc(N(C)C)cc1
5SSL,RR3,Cn1ncc2ncnc(NS(=O)(=O)Cc3ccc(CC#N)cc3)c21
5RH6,UHY,CCC(=O)N(c1ccc(C(C)C)nc1)C(C(=O)Nc1c(C)cccc1CC)c1cccnc1
6W5H,TKP,CC(C)(COC(=O)NC(CC1CCCCC1)C(=O)NC(CO)CC1CCNC1=O)c1cccc(Cl)c1
7LB7,SV6,CCCC(NC(=O)C1C2CCCC2CN1C(=O)C(NC(=O)C(NC(=O)c1cnccn1)C1CCCCC1)C(C)(C)C)C(O)C(=O)NC1CC1
5S4K,W44,Cn1c2c(c3ccccc31)CC1CC2C(O)CN1
8BSD,MES,O=S(=O)([O-])CC[NH+]1CCOCC1
8BSD,TBN,Nc1ncnc2c1ccn2C1OC(CO)C(O)C1O
7ZQW,XNV,C#CCC(C(=O)NC(CCC(=O)OCC)CC1CCNC1=O)n1cccc(NC(=O)c2cc(C)on2)c1=O
7LKS,Y4P,CC(C)CC(NC(=O)OCC1CC2CCC1C2)C(=O)NC(CC1CCNC1=O)C(O)S(=O)(=O)O
7LKS,Y7G,CC(C)CC(NC(=O)OCC1CC2CCC1C2)C(=O)NC(CC1CCNC1=O)C(O)S(=O)(=O)O
7O80,GTP,Nc1nc2c(ncn2C2OC(COP(=O)(O)OP(=O)(O)OP(=O)(O)O)C(O)C2O)c(=O)[nH]1
7O80,UR3,Cn1c(=O)ccn(C2OC(COP(=O)(O)O)C(O)C2O)c1=O
7N7R,S6V,O=C(NCCN1CCCC1=O)Nc1ccccc1
7C8R,TG3,CCOC(=O)CCC(CC1CCNC1=O)NC(=O)C(CC(C)C)NC(=O)C(NC(=O)OCc1ccccc1)C(C)OC(C)(C)C
7S6W,8G9,CC(C)(C)NC(=O)NC(C(=O)N1CC2C(C1C(=O)NC(CO)CC1CCNC1=O)C2(C)C)C(C)(C)C
8DDM,K36,CC(C)CC(NC(=O)OCc1ccccc1)C(=O)NC(CC1CCNC1=O)C(O)S(=O)(=O)O
5RFM,T7J,CC(=O)N(c1ccc(C)cc1)C1C=CS(=O)(=O)C1
5S34,GOV,CC(O)CNCc1ccc2c(c1)OCO2
5E0G,5LG,CC(C)CC1NC(=O)C(NC(=O)OCc2ccccc2)Cc2cn(nn2)CCNC(=O)CCC(CO)NC1=O
8E6B,URR,CC(C)CC(NC(=O)OCC(C)(C)S(=O)c1ccccc1)C(=O)NC(CC1CCNC1=O)C(O)S(=O)(=O)O
8E6B,UO9,CC(C)CC(NC(=O)OCC(C)(C)S(=O)c1ccccc1)C(=O)NC(CC1CCNC1=O)C(O)S(=O)(=O)O
5SKZ,NVD,CN(C)c1ccc(CNn2cnnc2)cc1
7LBR,XT7,Cc1ccc(NC2CNC2)cc1C(=O)NC(C)c1cccc(-c2ccc(CNC3CCC(O)C3)s2)c1
8F46,XCK,CC(C)CC(NC(=O)OCC(C)(C)Sc1ccccc1)C(=O)NC(C=N)CC1CCNC1=O
7ATV,RXE,O=C(CCC(=O)NCCc1ccc(Cl)c(Cl)c1)NCCCCn1cnc2c(Br)c(Br)c(Br)c(Br)c21
5SOL,WVM,CC(O)CNc1cc(N2CC3(CCC3)C(F)(C(=O)O)C2)ncn1
7CBT,K36,CC(C)CC(NC(=O)OCc1ccccc1)C(=O)NC(CC1CCNC1=O)C(O)S(=O)(=O)O
7MAZ,YVD,CCOC(=O)CCC(CC1CCNC1=O)NC(=O)C(Cc1ccc(F)cc1)NC(=O)C(N)Cc1ccc(F)cc1
7T4A,EO6,CC(C)CC(NC(=O)OC1CC2(CCN(C#N)CC2)C1)C(=O)NC(CC1CCNC1=O)C(O)S(=O)(=O)O
7T4A,EQS,CC(C)CC(NC(=O)OC1CC2(CCN(C#N)CC2)C1)C(=O)NC(CC1CCNC1=O)C(O)S(=O)(=O)O
7VLQ,4WI,CC(C)(C)C(NC(=O)C(F)(F)F)C(=O)N1CC2C(C1C(=O)NC(C=N)CC1CCNC1=O)C2(C)C
7TFR,NB2,CC(C)(C)C(NC(=O)NC1(CS(=O)(=O)C(C)(C)C)CCCCC1)C(=O)N1CC2C(C1C(=O)NC(C=N)CC1CCNC1=O)C2(C)C
7RFW,4WI,CC(C)(C)C(NC(=O)C(F)(F)F)C(=O)N1CC2C(C1C(=O)NC(C=N)CC1CCNC1=O)C2(C)C
5RFG,T6V,CC(=O)N(c1ccccc1)C1C=CS(=O)(=O)C1
6W5J,TKS,CC(C)(COC(=O)NC(CC1CCCCC1)C(=O)NC(CC1CCNC1=O)C(O)S)c1cccc(Cl)c1
7FR5,WWT,CCCNC(=O)c1ccnc2[nH]c(O)nc12
7MAV,YVY,C#CCOCCC(=O)NC(Cc1ccccc1)C(=O)NC(Cc1ccccc1)C(=O)NC(CCCNC(N)=O)C(C)=O
5S3W,W2S,Cc1ccccc1C1COCC1C(=O)O
5SR6,QZF,O=C(O)C1(F)CN(c2ncnc3[nH]c4ccccc4c23)CC12CCC2
8F45,XF8,CC(C)CC(NC(=O)OCC(C)(C)Sc1ccccc1)C(=O)NC(CC1CCNC1=O)C(O)(C(=O)NC1CC1)S(=O)(=O)O
5SRT,RG5,Fc1ccc2c(c1)[nH]c1ncnc(N3CCOC(c4nnn[nH]4)C3)c12
7RNW,DTY,NC(Cc1ccc(O)cc1)C(=O)O
7B5Z,SYH,C=C1CCN(C(=O)Cn2nnc3ccccc32)CC1
5SS5,RKU,O=C(O)CC(NC(=O)c1cc(F)cc2[nH]cnc12)c1ccc(Br)cc1
7CA8,FNO,CC(C)=CCC(O)C1=CC(=O)c2c(O)ccc(O)c2C1=O
4YOJ,RFM,O=C(Nc1ccc(N(Cc2ccsc2)C(=O)Cn2nnc3ccccc32)cc1)c1ccccc1
5SQJ,QRU,O=C(Nc1ccc(C(=O)NC2c3cccc(O)c3CC2C(=O)O)cc1)NC1CC1
5REH,AWP,O=C(NCCc1ccncc1)NC1CCCCC1
5SSB,RMU,Cc1oc(C(N)=O)cc1S(=O)(=O)Nc1cnc(Cl)c(C#N)c1
5SLW,U0V,O=C(NCCc1ccncc1)c1ccccc1F
5SRB,R0W,O=C(O)C1(F)CN(c2ncnc3[nH]c4cc(F)ccc4c23)CC12COC2
5SRB,R0R,O=C(O)C1(F)CN(c2ncnc3[nH]c4cc(F)ccc4c23)CC12COC2
5SP2,WYG,O=C(O)CC1CN(c2ncnc3[nH]ccc23)CCO1
5SP2,S3E,O=C(O)CC1CN(c2ncnc3[nH]ccc23)CCO1
5SS8,RLN,O=C(O)Cc1ccc(CNC(=O)c2ccnc3ccsc23)cc1
5WKL,AVY,CC(C)CC(NC(=O)OC1(Cc2ccccc2)CCN(C(=O)OC(C)(C)C)CC1)C(=O)NC(CC1CCNC1=O)C(O)S(=O)(=O)O
5WKL,B3J,CC(C)CC(NC(=O)OC1(Cc2ccccc2)CCN(C(=O)OC(C)(C)C)CC1)C(=O)NC(CC1CCNC1=O)C(O)S(=O)(=O)O
7DGH,H6F,CC(C)CC(NC(=O)C(NC(=O)c1ccc2ccccc2c1)C(C)C)C(=O)NC(C=O)CC1CCCNC1=O
5S3Q,W2A,CC1C(C#N)CCCN1S(C)(=O)=O
7RVU,7XT,CC(C)C(C)(NC(=O)OCc1ccccc1)C(=O)NC(CC(C)(C)C)C(=O)NC(CO)CC1CCNC1=O
8A4T,O6K,CC(C)(C)OC(=O)Nc1cccn(C(CC2CC2)C(=O)NC(CC2CCNC2=O)C(O)C(=O)NCc2ccccc2)c1=O
7DDC,H3F,COc1cc(C)c2c(Oc3cccc(C(F)(F)F)c3)c(OC)cc(NC(C)CCCN)c2n1
7NNG,UJK,Cc1ccccc1-n1cc(C(=O)O)nn1
7LKX,Y51,CC(C)CC(NC(=O)OCC1CC2C=CC1C2)C(=O)NC(CC1CCNC1=O)C(O)S(=O)(=O)O
7LKX,Y71,CC(C)CC(NC(=O)OCC1CC2C=CC1C2)C(=O)NC(CC1CCNC1=O)C(O)S(=O)(=O)O
5RU0,2CL,O=C(O)Cc1c(Cl)cccc1Cl
5SQ7,QM6,O=C(Nc1ccc(C(=O)NCc2c(C(=O)O)oc3ccccc23)cc1)NC1CC1
7M00,YKD,CC(C)CC(NC(=O)OC(C)(C)C1CCC(F)(F)CC1)C(=O)NC(CC1CC=NC1=O)C(O)S(=O)(=O)O
7M00,YKA,CC(C)CC(NC(=O)OC(C)(C)C1CCC(F)(F)CC1)C(=O)NC(CC1CC=NC1=O)C(O)S(=O)(=O)O
5SR8,R0A,O=C(O)CC1CN(c2ncnc3[nH]c4cc(F)ccc4c23)CC2(CCC2)O1
3TNS,G83,CCOC(=O)CCC(CC1CCNC1=O)NC(=O)C(Cc1ccccc1)NC(=O)C(CC(=O)OC(C)(C)C)NC(=O)OCc1ccccc1
5S2D,U0P,Cc1cc(CN(C)C(=O)NC2CC2)no1
7LZV,YLM,CC(C)CC(NC(=O)OCc1ccc(F)cc1)C(=O)NC(CC1CCNC1=O)C(O)S(=O)(=O)O
7LZV,YLS,CC(C)CC(NC(=O)OCc1ccc(F)cc1)C(=O)NC(CC1CCNC1=O)C(O)S(=O)(=O)O
5RE8,T0V,Fc1cccc(CNCc2ccco2)c1
7END,J7R,CNC(=O)c1cc(Br)cc([N+](=O)[O-])c1NC1CCCCC1NC(=O)c1cncc2ccccc12
5REO,T2Y,CC(=O)NCc1ccc2c(c1)OCO2
5RT6,05R,O=C(O)Cc1ccc(Cl)c(Cl)c1
7NBR,U5G,CC(C)(C)NC(=O)NC(C(=O)N1CC2C(C1C(=O)NC(CC1CCC1)C(O)C(N)=O)C2(C)C)C(C)(C)C
2AMP,I12,CCOC(=O)/C=C/C(CC1CCNC1=O)NC(=O)C(CC(C)C)NC(=O)C(NC(=O)C(C)NC(=O)c1cc(C)on1)C(C)C
5SM0,LQI,CC1CCN(C(=O)c2cc3ccccc3o2)CC1
7N7U,0MI,Cc1cn(C2CC(O)C(CN=[N+]=[N-])O2)c(=O)[nH]c1=O
5SLZ,LQP,O=C(COC(F)F)N1CC2CCCC2C1
7U28,4WI,CC(C)(C)C(NC(=O)C(F)(F)F)C(=O)N1CC2C(C1C(=O)NC(C=N)CC1CCNC1=O)C2(C)C
8EYJ,4WI,CC(C)(C)C(NC(=O)C(F)(F)F)C(=O)N1CC2C(C1C(=O)NC(C=N)CC1CCNC1=O)C2(C)C
5REW,T4M,CC(=O)NC(C)c1cccc2ccccc12
5RL1,VEJ,CCC(=O)N(c1ccc(C(C)(C)C)cc1)C(C(=O)NCCCOC)c1cccnc1
5R81,RZJ,CN1CCCc2ccc(S(N)(=O)=O)cc21
5RVG,W8J,Nc1ncn(CCCC2CCOC2)c2ncnc1-2
5RSH,W5G,c1nc(N2CCCC3(CC3)C2)c2cc[nH]c2n1
5RUN,EXB,O=C(O)CCn1cnc2ccccc21
7B77,T0W,CCN(Cc1ccoc1)C(=O)Cn1nnc2ccccc21
6VH3,QYS,CC(C)CC(NC(=O)OCC1CCC(F)(F)CC1)C(=O)NC(CC1CCNC1=O)C(O)S(=O)(=O)O
7LW4,SAH,Nc1ncnc2c1ncn2C1OC(CSCCC(N)C(=O)O)C(O)C1O
7LW4,MES,O=S(=O)([O-])CC[NH+]1CCOCC1
5WKM,B6Y,CCC1(OC(=O)NC(CC(C)C)C(=O)NC(CC2CCNC2=O)C(O)S(=O)(=O)O)CCN(C(=O)OC(C)(C)C)CC1
5WKM,N02,CCC1(OC(=O)NC(CC(C)C)C(=O)NC(CC2CCNC2=O)C(O)S(=O)(=O)O)CCN(C(=O)OC(C)(C)C)CC1
5SQ1,QJO,Nc1ncc(S(=O)(=O)N2CC(F)(F)CC2C(=O)O)cn1
5S2I,LUY,c1ccc(CCNc2nc3ccccc3[nH]2)cc1
5SL7,W0G,CNC1CCN(c2ccccc2F)C1=O
5S2A,WS4,Cn1cc(C(=O)Nc2ccc(O)cc2)cn1
2ZU3,ZU3,CC(=O)CCC(CC1CCNC1=O)NC(=O)C(CC(C)C)NC(=O)C(CNC(=O)C(C)(C)C)NC(=O)OCc1ccccc1
5RSY,3R6,CSc1ccc(O)c(C(=O)O)c1
5RUJ,2SX,O=C(O)Cc1c[nH]c2ccc(Br)cc12
7LMF,Y6G,O=C(Cn1nnc2ccccc21)N(Cc1ccsc1)c1ccc(-c2c[nH]cn2)cc1
7JZ0,SAH,Nc1ncnc2c1ncn2C1OC(CSCCC(N)C(=O)O)C(O)C1O
7JZ0,A2M,COC1C(O)C(COP(=O)(O)O)OC1n1cnc2c(N)ncnc21
7JZ0,M7G,CN1CN(C2OC(COP(=O)(O)OP(=O)(O)O)C(O)C2O)c2nc(N)[nH]c(=O)c21
7VLP,4WI,CC(C)(C)C(NC(=O)C(F)(F)F)C(=O)N1CC2C(C1C(=O)NC(C=N)CC1CCNC1=O)C2(C)C
8GOM,PG4,OCCOCCOCCOCCO
5SSP,RTI,O=C(NC1c2cccc(O)c2CC1C(=O)O)c1ccc2[nH]ccc2c1
5SSP,RTU,O=C(NC1c2cccc(O)c2CC1C(=O)O)c1ccc2[nH]ccc2c1
7JPE,8NK,C[n+]1cn(C2OC(COP(=O)(O)OP(=O)(O)O)C(O)C2O)c2nc(N)[nH]c(=O)c21
7JPE,GTA,C[n+]1cn(C2OC(COP(=O)(O)OP(=O)(O)OP(=O)(O)OCC3OC(n4cnc5c(N)ncnc54)C(O)C3O)C(O)C2O)c2nc(N)[nH]c(=O)c21
7JPE,SAM,C[S+](CCC(N)C(=O)[O-])CC1OC(n2cnc3c(N)ncnc32)C(O)C1O
5SPQ,S63,CC1(C(=O)O)CCN(C(=O)Cc2c[nH]c3nccc(Cl)c23)C1
6WOJ,APR,Nc1ncnc2c1ncn2C1OC(COP(=O)(O)OP(=O)(O)OCC2OC(O)C(O)C2O)C(O)C1O
7N8C,YD1,O=C(c1cc(=O)[nH]c(=O)[nH]1)N1CCN(c2ccc(Cl)c(Cl)c2)CC1
7SF1,8ZI,CC(C)(C)CC(=O)NC(C(=O)N1CC2C(C1C(=O)NC(CC1CCNC1=O)C(O)C(N)=O)C2(C)C)C(C)(C)C
5RFD,T6J,CS(=O)(=O)Cc1nc2ccccc2[nH]1
7LTJ,YD1,O=C(c1cc(=O)[nH]c(=O)[nH]1)N1CCN(c2ccc(Cl)c(Cl)c2)CC1
6BIB,DW7,O=C1CCC(CO)NC(=O)C(CC2CCCCC2)NC(=O)C(NC(=O)OCc2ccccc2)Cc2cn(nn2)CCCN1
5SOJ,RWQ,OCC1CCCN(c2ncnc3[nH]c4cc(F)ccc4c23)C1
5SR4,QYO,OC1CCC(Nc2ncnc3[nH]c4cc(F)ccc4c23)C1
5SR4,QYU,OC1CCC(Nc2ncnc3[nH]c4cc(F)ccc4c23)C1
5SOI,WYY,O=C(O)CCC1CCCN(c2ncnc3[nH]ccc23)C1
5SOI,WVG,O=C(O)CCC1CCCN(c2ncnc3[nH]ccc23)C1
5RTS,0LO,O=C(O)c1cncc(-c2ccccc2)c1
5REY,T4Y,CC(=O)N1CCCN(Cc2ccccc2C)CC1
5SM5,S5J,COc1ccccc1N1CCN(CC#N)CC1
5S2J,JGG,N#Cc1ccc(CNC(=O)N2CCOCC2)cc1
5RGG,NZD,CN1CCN(C(=O)Nc2ccccc2)CC1
5SQE,QR0,O=C(NC1c2cccc(O)c2CC1C(=O)O)c1ccc(Nn2ccnc2)cc1
5REU,T4D,CC(=O)N1CCN(S(=O)(=O)c2ccccc2C#N)CC1
5RGO,U1G,CC(=O)N1CCN(C(=O)c2ccco2)CC1
7ZQV,XNV,C#CCC(C(=O)NC(CCC(=O)OCC)CC1CCNC1=O)n1cccc(NC(=O)c2cc(C)on2)c1=O
7TWY,AR6,Nc1ncnc2c1ncn2C1OC(COP(=O)(O)OP(=O)(O)OCC2OC(O)C(O)C2O)C(O)C1O
6BIC,5LH,CC(C)CC1NC(=O)C(NC(=O)OCc2ccccc2)Cc2cn(nn2)CCCNC(=O)CCC(CO)NC1=O
5SOW,WXG,O=C1CCCN1CCSc1ncnc2[nH]cnc12
5SMF,K1S,CCN(CC)c1cc(C)nc2ncnn12
5S3M,S2S,CS(=O)(=O)Nc1ccc(C(N)=O)cc1
5SOZ,WXY,O=C(c1ncnc2[nH]ccc12)N1CCCC12CCCCC2
5SRL,RA3,O=C(O)CC1CN(c2ncnc3[nH]c4cc(F)ccc4c23)CC(CO)O1
7T48,FEY,CC(C)CC(NC(=O)OC1CC2(CCN(C(=O)Cc3ccccc3)CC2)C1)C(=O)NC(CC1CCNC1=O)C(O)S(=O)(=O)O
7T48,FHS,CC(C)CC(NC(=O)OC1CC2(CCN(C(=O)Cc3ccccc3)CC2)C1)C(=O)NC(CC1CCNC1=O)C(O)S(=O)(=O)O
5SOX,WXJ,N#Cc1ccc(OCCn2cnc(N)c3ncnc2-3)cc1
7L6R,SAH,Nc1ncnc2c1ncn2C1OC(CSCCC(N)C(=O)O)C(O)C1O
7VVT,80X,CC(=O)N1CCNC(=O)C1CC(=O)Nc1cccc(Cl)c1
7TQ8,IUB,CCCC1CC1COC(=O)NC(CC(C)C)C(=O)NC(CC1CCNC1=O)C(O)S(=O)(=O)O
7TQ8,IRK,CCCC1CC1COC(=O)NC(CC(C)C)C(=O)NC(CC1CCNC1=O)C(O)S(=O)(=O)O
7DGF,H60,CCCCC(NC(=O)/C=C/c1ccccc1)C(=O)NC(C=O)CC1CCCNC1=O
5R84,GWS,O=C(CC1CCCCC1)Nc1cccnc1
5RM5,NUA,CCn1cc(NC(=O)C2CCC2)cn1
7M8Y,YTM,O=c1[nH]cc(-c2cc(-c3cc(Cl)cc(OCCc4ccccc4)c3)c(=O)n(-c3cccnc3)c2)c(=O)[nH]1
5RLF,NY7,COc1ccc(C)cc1NC(=O)CN
7L8J,AG7,CCOC(=O)CCC(CC1CCNC1=O)NC(=O)C(CC(=O)C(NC(=O)c1cc(C)on1)C(C)C)Cc1ccc(F)cc1
7SF3,90H,CNC(=O)C(O)C(CC1CCNC1=O)NC(=O)C1C2C(CN1C(=O)C(NC(=O)C(F)(F)F)C(C)(C)C)C2(C)C
7XRY,HUR,COc1cccc2[nH]c(C(=O)NC(CC(C)C)C(=O)NC(CC3CCNC3=O)C(=O)c3nc4ccccc4s3)cc12
6LU7,PJE,NC(/C=C/C(=O)O)CC1CCNC1=O
5SLI,LL0,NS(=O)(=O)c1ccccc1OC(F)F
5RSQ,MOK,Cc1onc(-c2ccccc2)c1C(=O)O
5T6F,N38,COc1ccc(OCCCS(=O)(=O)NC(CC2CCCCC2)C(=O)NC(CO)CC2CCNC2=O)cc1
7D30,1PE,OCCOCCOCCOCCOCCO
5RV0,W6V,O=C(Nc1nccs1)c1ccccc1
8DOX,T2L,CC(C)(C)C(NC(=O)C(F)(F)F)C(=O)N1CC2C(C1C(=O)NC(CC1CCNC1=O)C(O)c1nc3c(F)cccc3s1)C2(C)C
7DNC,FHR,O=CC(CC1CCNC1=O)NC(=O)C(CC1CCCCC1)NC(=O)c1cc2ccccc2[nH]1
5S3O,W1Y,CNCc1cnn(-c2ccccc2)c1
6XHN,V3D,COc1cccc2[nH]c(C(=O)NC(CC(C)C)C(=O)NC(CC3CCNC3=O)C(=O)COC(=O)c3ccccc3C#N)cc12
5SS6,RL5,CCNc1ncc(C(=O)NCCn2cnc(C(=O)O)c2)s1
8E6E,UUR,CC(C)CC(NC(=O)OCCSc1ccccc1)C(=O)NC(CC1CCNC1=O)C(O)S(=O)(=O)O
8E6E,UV2,CC(C)CC(NC(=O)OCCSc1ccccc1)C(=O)NC(CC1CCNC1=O)C(O)S(=O)(=O)O
8ASQ,NT9,CNCc1ccc(-c2cccs2)cc1
7L12,XF4,O=c1[nH]cc(-c2cc(-c3cc(Cl)cc(OCc4ccccc4)c3)c(=O)n(-c3cccnc3)c2)c(=O)[nH]1
5RGP,U1M,CC(=O)N1CCN(S(=O)(=O)c2ccc(C)cc2C)CC1
5S3F,W1J,CCCn1nnc(NC(=O)c2ccco2)n1
7M8O,YSM,O=c1[nH]cc(-c2cc(-c3cc(Cl)cc(OCc4cccc(F)c4)c3)c(=O)n(-c3cccnc3)c2)c(=O)[nH]1
7WO2,40I,CC(C)CC(NC(=O)C(NC(=O)c1ccco1)C(C)C)C(=O)NC(C=O)CC1CCCNC1=O
5SPE,S1F,COC(=O)Nc1ccc(C(=O)NC2c3ccccc3CC2C(=O)O)cc1
5RTU,1FF,Cn1ncc(C(=O)O)c1-c1ccccc1
5RG3,T9P,C=CCNC(=O)C(CC(N)=O)NC(C)=O
8E63,UUR,CC(C)CC(NC(=O)OCCSc1ccccc1)C(=O)NC(CC1CCNC1=O)C(O)S(=O)(=O)O
8E63,UV2,CC(C)CC(NC(=O)OCCSc1ccccc1)C(=O)NC(CC1CCNC1=O)C(O)S(=O)(=O)O
5RM0,S7G,CC(=O)NC1CNc2ccccc2C1
7BQY,PJE,NC(/C=C/C(=O)O)CC1CCNC1=O
7FR4,WWN,CCC(CNc1ncnc2nc[nH]c12)NC(=O)CC1CCCCC1
5S40,HHQ,O=C1CC(I)=CC=N1
5REJ,T1V,CC(=O)N1CCN(S(=O)(=O)c2cccs2)CC1
5RMH,VX4,CC1CCCN(C(=O)c2cscn2)CC1
6WCO,MES,O=S(=O)([O-])CC[NH+]1CCOCC1
5RGY,UGS,COc1ccnc(NC(=O)Cc2ccc3ccccc3c2)c1
5S28,WRV,Cc1ccc(NC(=O)NC(C)CO)cc1F
7MB3,YVV,C#CCOCCC(=O)NC(Cc1ccccc1)C(=O)NC(Cc1ccccc1)C(=O)NC(CCC(=O)OCC)CC1CCNC1=O
6Y2G,O6K,CC(C)(C)OC(=O)Nc1cccn(C(CC2CC2)C(=O)NC(CC2CCNC2=O)C(O)C(=O)NCc2ccccc2)c1=O
5SSI,RQC,Cn1ncc2c(=O)[nH]c(CCC(=O)N3CCC(C(=O)O)C3)nc21
7UKK,K36,CC(C)CC(NC(=O)OCc1ccccc1)C(=O)NC(CC1CCNC1=O)C(O)S(=O)(=O)O
5RUW,W6M,Cc1noc(CNC(=O)c2cccc(C(=O)O)c2)n1
5REE,T1M,CC1C(O)CCCN1Cc1ccccc1
5RH4,UHG,CC(C(=O)O)c1ccc2c(c1)[nH]c1ccc(Cl)cc12
5SSK,RQR,O=C(NC1C=CC(C(=O)O)C1)c1ncnc2sccc12
7FR2,WWH,CCC(CNc1ncnc2[nH]cnc12)NC(=O)CCC1CCCCC1
5SA6,O3G,Fc1ccc(CNCc2ccccc2)cc1
5RH1,UGV,O=C(Cc1ccc(Cl)s1)Nc1cccnc1
5SRM,RBB,CC1(C)CN(c2ncnc3[nH]c4ccccc4c23)CC(CC(=O)O)O1
7TQ3,IS5,CC(C)CC(NC(=O)OCC1CC1c1cccc(F)c1)C(=O)NC(C=O)CC1CCNC1=O
5RFN,T7P,CC(=O)N(c1ccc(F)cc1)C1C=CS(=O)(=O)C1
5RF6,NTG,N#Cc1ccc(N2CCCOCC2)cn1
5SP1,WYA,CN(Cc1nnc2c(=O)[nH]ccn12)c1ccc2nccnc2n1
8D4K,K36,CC(C)CC(NC(=O)OCc1ccccc1)C(=O)NC(CC1CCNC1=O)C(O)S(=O)(=O)O
2D2D,ENB,CCOC(=O)/C=C/C(CC1CCNC1=O)NC(=O)C(NC(=O)C(NC(=O)OC(C)(C)C)C(C)C)c1ccccc1
5SR1,QXL,O=S1(=O)CCCC(Nc2ncnc3[nH]ccc23)C1
7NUK,USH,CCCN(CC(=O)Nc1ccccc1OC)C(=O)CCl
5S45,W3D,O=C(O)Cn1ccc(Br)cc1=O
5S2B,WSG,CCn1cc(NC(=O)c2ccc(F)cc2)cn1
7CZ4,APR,Nc1ncnc2c1ncn2C1OC(COP(=O)(O)OP(=O)(O)OCC2OC(O)C(O)C2O)C(O)C1O
5RGQ,U1V,Cc1cc(F)ccc1CS(N)(=O)=O
5SR3,QYJ,O=C(Nc1ccc(C(=O)NC2c3cccc(O)c3CC2C(=O)O)cc1)NC1CC1
7RFS,4WI,CC(C)(C)C(NC(=O)C(F)(F)F)C(=O)N1CC2C(C1C(=O)NC(C=N)CC1CCNC1=O)C2(C)C
7RW1,800,CC(C)CC(NC(=O)C(NC(=O)c1cc2ccccc2[nH]1)C(C)C)C(=O)NC(CO)CC1CCNC1=O
7RVS,81L,CC(C)(C)C(NC(=O)OCc1ccccc1)C(=O)NC(CC1CC1)C(=O)NC(CO)CC1CCNC1=O
5SSA,RM6,O=C(O)CC1CC(CNC(=O)c2cc3ccsc3cn2)C1
7LKV,Y64,CC(C)CC(NC(=O)OCC1CC2C=CCC(C2)C1)C(=O)NC(CC1CCNC1=O)C(O)S(=O)(=O)O
7LKV,Y4J,CC(C)CC(NC(=O)OCC1CC2C=CCC(C2)C1)C(=O)NC(CC1CCNC1=O)C(O)S(=O)(=O)O
5SQS,QVC,Cc1noc(-c2ccnc(-c3ccnc4[nH]ccc34)c2)n1
7RN4,H69,O=C(c1cc(=O)[nH]c(=O)[nH]1)N1CCC(c2ccc(Cl)c(Cl)c2)CC1
5SQG,QQR,O=C(Nc1ccc(C(=O)NC2c3cccc(O)c3CC2C(=O)O)cn1)NC1CC1
5SQG,QQI,O=C(Nc1ccc(C(=O)NC2c3cccc(O)c3CC2C(=O)O)cn1)NC1CC1
7DGI,H6L,CC(C)CC(NC(=O)C(NC(=O)c1ccc([N+](=O)[O-])cc1)C(C)C)C(=O)NC(C=O)CC1CCCNC1=O
5SQ6,QL6,O=C(Nc1ccc(C(=O)NCc2c(C(=O)O)[nH]c3ccccc23)cc1)NC1CC1
5RHD,US7,CS(=O)(=O)c1ccc(N2CCNCC2)cc1
7FRC,WXX,CCC(CNC(=O)CCC1CCCCC1)Nc1ncnc2[nH]ncc12
5SS9,RLU,O=C(O)CC(NC(=O)c1ncnc2[nH]ccc12)c1ccc(Br)cc1
5RLS,VWG,O=C(NO)c1ccc2ccccc2n1
7LZZ,YMS,CC(C)CC(NC(=O)OC1CCC(c2ccccc2)CC1)C(=O)NC(CC1CCNC1=O)C(O)S(=O)(=O)O
7LZZ,YMV,CC(C)CC(NC(=O)OC1CCC(c2ccccc2)CC1)C(=O)NC(CC1CCNC1=O)C(O)S(=O)(=O)O
7TWV,AR6,Nc1ncnc2c1ncn2C1OC(COP(=O)(O)OP(=O)(O)OCC2OC(O)C(O)C2O)C(O)C1O
7M1Y,9JT,O=C(Nc1ccccc1)c1ccccc1[SeH]
5S3T,W2G,O=C(O)C1CCCC1c1ccsc1
7E18,HUR,COc1cccc2[nH]c(C(=O)NC(CC(C)C)C(=O)NC(CC3CCNC3=O)C(=O)c3nc4ccccc4s3)cc12
5REI,T1S,Clc1cccc(CN2CCOCC2)c1
5RE5,T0J,NC(=O)C1CCN(C(=O)Nc2ccccc2)CC1
6WXC,CMU,N=C1CCCN1Cc1[nH]c(=O)[nH]c(=O)c1Cl
6LZE,FHR,O=CC(CC1CCNC1=O)NC(=O)C(CC1CCCCC1)NC(=O)c1cc2ccccc2[nH]1
7RVQ,7VW,CC(OC(C)(C)C)C(NC(=O)OCc1ccccc1)C(=O)NC(CC(C)(C)C)C(=O)NC(CO)CC1CCNC1=O
7AT5,RXE,O=C(CCC(=O)NCCc1ccc(Cl)c(Cl)c1)NCCCCn1cnc2c(Br)c(Br)c(Br)c(Br)c21
7AT5,42J,NCCc1ccc(Cl)c(Cl)c1
8DRU,1PE,OCCOCCOCCOCCOCCO
5SOY,WXS,Cc1oc(=O)oc1CSc1ncnc2[nH]cnc12
5S2N,GWY,CN(CC1CCOC1)c1ncncc1Cl
4TWY,3BL,O=CC(Cc1cnc[nH]1)NCC1CC2CCCCC2CN1C(=O)c1ccc(-c2ccccc2)cc1
7S6Y,8GW,CC(C)(C)NC(=O)NC(C(=O)N1CC2C(C1C(=O)NC(CC1CCNC1=O)C(O)C(=O)NCC1CC1)C2(C)C)C(C)(C)C
5SQH,QR6,O=C(Nc1ccc(C(=O)NC2c3cccc(O)c3CC2C(=O)O)c(Cl)c1)NC1CC1
5SLO,JJM,Cc1cccc(Nc2ncnc3c2cnn3C)c1
5S2T,W0D,O=C(NCc1nc2ccccc2[nH]1)c1ccco1
6W5K,TKV,CC(C)CC(NC(=O)OCC(C)(C)c1cccc(Cl)c1)C(=O)NC(CC1CCNC1=O)C(O)S
5RH8,UHM,N#CCOc1ccccc1C(=O)NCc1cnsc1
5SM6,K1A,Cc1nn(Cc2c(C)noc2C)c(=O)s1
5S39,W0Y,CNC(=O)c1ccc(S(N)(=O)=O)cc1
7TWX,AR6,Nc1ncnc2c1ncn2C1OC(COP(=O)(O)OP(=O)(O)OCC2OC(O)C(O)C2O)C(O)C1O
7K1L,UVC,O=c1ccn(C2OC(CO)C3O[V](=O)(O)(O)OC32)c(=O)[nH]1
7NEO,U9H,O=C1NC2(CC(C3CCC3)C2)C(=O)N1c1cncc(F)c1
5SP8,RXI,Cc1nnc2n1CC(C(=O)O)N(C(=O)c1ccc(NC(=O)NC3CC3)cc1)C2
5RH9,UJ4,CCC(=O)N(c1ccc(C(C)OC)cc1)C(C(=O)Nc1ccc(OC)cc1C)c1cccnc1
5RGJ,U0S,c1cnc(N2CCC3(CCOC3)C2)cn1
7TQ5,ITX,COc1ccc(C2CC2COC(=O)NC(CC(C)C)C(=O)NC(CC2CCNC2=O)C(O)S(=O)(=O)O)cc1
7TQ5,IRW,COc1ccc(C2CC2COC(=O)NC(CC(C)C)C(=O)NC(CC2CCNC2=O)C(O)S(=O)(=O)O)cc1
7O35,GTP,Nc1nc2c(ncn2C2OC(COP(=O)(O)OP(=O)(O)OP(=O)(O)O)C(O)C2O)c(=O)[nH]1
5SRQ,RDU,OCC1CN(c2ncnc3[nH]c4cc(F)ccc4c23)CC2(CCC2)O1
8E6A,WIX,CC(C)CC(NC(=O)OCC(C)(O)c1cccc(Cl)c1)C(=O)NC(CC1CCNC1=O)C(O)S(=O)(=O)O
8E6A,WJ0,CC(C)CC(NC(=O)OCC(C)(O)c1cccc(Cl)c1)C(=O)NC(CC1CC=NC1=O)C(O)S(=O)(=O)O
7UJG,K36,CC(C)CC(NC(=O)OCc1ccccc1)C(=O)NC(CC1CCNC1=O)C(O)S(=O)(=O)O
6VH0,QZD,CCC1(OC(=O)NC(CC(C)C)C(=O)NC(CO)CC2CCNC2=O)COCOC1
7WYO,G7F,C=CC(=O)N(C)Cc1nc2c(s1)CCCC2
5RSE,W5P,FC1CCCN(c2ncnc3[nH]ccc23)C1
5RFH,T6Y,CC(=O)N1CCN(Cc2ccc(Cl)s2)CC1
5SQX,QWX,Nc1cc(NC(=O)NC2CC2)ccc1C(=O)NC1c2cccc(O)c2CC1C(=O)O
5SQX,QX5,Nc1cc(NC(=O)NC2CC2)ccc1C(=O)NC1c2cccc(O)c2CC1C(=O)O
7FAZ,2RI,CC(O)C(=O)N(c1ccc2c(c1)oc1ccccc12)C(C(=O)NC(C)c1ccc(F)cc1)c1cccnc1
5SQR,QUC,CC1C(C(=O)O)CCCN1S(=O)(=O)c1c[nH]c2ncc(Cl)cc12
5SA7,WL7,CN(CCO)S(=O)(=O)c1ccc(N)cc1
5DGJ,V64,CC(C)(C)OC(=O)NC1CCc2nnc(o2)CCCCNC(=O)CCC(CO)NC(=O)C(CC2CCCCC2)NC1=O
5RSS,NC3,O=C(O)CNC(=O)NC1CCCCC1
8DZA,4WI,CC(C)(C)C(NC(=O)C(F)(F)F)C(=O)N1CC2C(C1C(=O)NC(C=N)CC1CCNC1=O)C2(C)C
6W6Y,MES,O=S(=O)([O-])CC[NH+]1CCOCC1
6W6Y,AMP,Nc1ncnc2c1ncn2C1OC(COP(=O)(O)O)C(O)C1O
5SQ8,QMF,O=C(Nc1ccc(C(=O)NCc2c(C(=O)O)sc3ccccc23)cc1)NC1CC1
5RL2,VEM,CCC(=O)N(c1ccc(C(C)(C)C)cc1)C(C(=O)NCCOC)c1cccnc1
5RL9,UR7,Cc1ccc(CS(N)(=O)=O)cc1F
7SKR,9OZ,COc1cc(CNC(=O)C2CC3(C2)CN(C(C)c2cccc4ccccc24)C3)ccn1
5RM3,S7J,NC(=O)c1cnc(C(F)(F)F)nc1
7RMT,5ZN,O=Cc1ccc(N2CCN(C(=O)C3=NC(=O)NC(=O)C3)CC2)cc1Cl
2Q6F,PJE,NC(/C=C/C(=O)O)CC1CCNC1=O
6WKQ,SFG,Nc1ncnc2c1ncn2C1OC(CC(N)CCC(N)C(=O)O)C(O)C1O
7KXB,XB1,Cn1c(=O)c2nc(SCCCNC(=S)NCCN3CCOCC3)[nH]c2n(C)c1=O
7LDJ,PG4,OCCOCCOCCOCCO
5RED,JJG,c1ccc(SCCN2CCOCC2)cc1
5SSC,RNC,CNc1cnc(C(=O)N2CC(c3noc(O)n3)C2)cn1
6VGZ,QZG,CC(C)CC(NC(=O)OC1CCC(C(C)C)CC1)C(=O)NC(CO)CC1CCNC1=O
7MNG,ZL7,CCC(NC(=O)C(CS(=O)(=O)CC1CC1)NC(c1ccc(F)cc1)C(F)(F)F)C(O)C(=O)NC1CC1
7M04,YLV,CC(C)CC(NC(=O)OCc1c(F)c(F)c(F)c(F)c1F)C(=O)NC(CC1C=CNC1=O)C(O)S(=O)(=O)O
7M04,YM1,CC(C)CC(NC(=O)OCc1c(F)c(F)c(F)c(F)c1F)C(=O)NC(CC1C=CNC1=O)C(O)S(=O)(=O)O
5RFF,T6M,CC(=O)N1CCN(S(=O)(=O)c2ccc(Cl)cc2)CC1
7UUE,I65,CCC(=O)N(CCC(N)=O)NC(=O)C(CC1CCCCC1)NC(=O)C(NC(=O)OCc1ccccc1)C(C)OC(C)(C)C
5RFY,T8S,CC(=O)N1CCC(C(=O)N(C)C(C)C)CC1
4RSP,CEV,CCOC(=O)CCC(N)CC1CCNC1=O
5SOT,S1O,OCc1cn(C2CCCN(c3ncnc4[nH]ccc34)C2)nn1
5SOT,WX4,OCc1cn(C2CCCN(c3ncnc4[nH]ccc34)C2)nn1
5S3X,W2V,COc1cccc(C2CCOCC2C(=O)O)c1
6WKS,ADN,Nc1ncnc2c1ncn2C1OC(CO)C(O)C1O
6WKS,GTA,C[n+]1cn(C2OC(COP(=O)(O)OP(=O)(O)OP(=O)(O)OCC3OC(n4cnc5c(N)ncnc54)C(O)C3O)C(O)C2O)c2nc(N)[nH]c(=O)c21
6WKS,SAM,C[S+](CCC(N)C(=O)[O-])CC1OC(n2cnc3c(N)ncnc32)C(O)C1O
2OP9,WR1,CC(NC(=O)C(Cc1ccccc1)NC(=O)OCc1ccccc1)C(=O)CCO
5REZ,T54,NC(=O)C1CCCC1c1ccsc1
7TIV,W48,O=C(NC(CC1CCCCC1)C(=O)NC(CC1C=CNC1=O)C(O)S(=O)(=O)O)OCc1cccc(Cl)c1
7RVW,7YB,O=C(NC1(C(=O)NC(CC2CCCCC2)C(=O)NC(CO)CC2CCNC2=O)CC1)OCc1ccccc1
7AEH,R8H,O=C(NCc1ccccn1)C(O)C(Cc1ccccc1)NC(=O)C1CCC(=O)N1Cc1ccccc1
5NH0,8X8,CC(C)(C)OC(=O)NC(CC1CCNC1=O)C(O)C(=O)NCc1ccccc1
7M8M,YSG,CCCOc1cc(Cl)cc(-c2cc(-c3c[nH]c(=O)[nH]c3=O)cn(-c3cccnc3)c2=O)c1
5RGR,K1G,CC(C)N(C)c1ncnc2c1cnn2C
8CZX,P8C,CC(C)CC(NC(=O)OCC1CC1C1CCC(F)(F)CC1)C(=O)NC(CC1CCNC1=O)C(O)[S+](=O)(O)O
8CZX,PJR,CC(C)CC(NC(=O)OCC1CC1C1CCC(F)(F)CC1)C(=O)NC(CC1CCNC1=O)C(O)[S+](=O)(O)O
7SFI,91Z,CC1(C)C2CN(C(=O)CNc3c(F)cc(F)cc3F)C(C(=O)NC(CC3CCNC3=O)C(O)C(N)=O)C21
4ZRO,CEV,CCOC(=O)CCC(N)CC1CCNC1=O
5SLL,LK6,CC1(NC(=O)C2CC2)CCS(=O)(=O)C1
5SQP,QTO,O=C(O)C1(F)CN(c2cc(Nc3ccccc3)ncn2)CC12CCC2
5GWZ,PJE,NC(/C=C/C(=O)O)CC1CCNC1=O
6ZRT,SV6,CCCC(NC(=O)C1C2CCCC2CN1C(=O)C(NC(=O)C(NC(=O)c1cnccn1)C1CCCCC1)C(C)(C)C)C(O)C(=O)NC1CC1
7LG7,XYJ,Cn1c(=O)c2nc(SCCC(=O)NS(=O)(=O)CCN3CCOCC3)[nH]c2n(C)c1=O
7JQ0,VHV,CC(C)CC(NC(=O)C(NC(=O)OCc1ccccc1)C(C)C)C(=O)NC(CO)CC1CCNC1=O
5SPT,S6U,O=C(OCCN1CCOC1=O)c1ncnc2[nH]ccc12
5SPN,S50,Cc1cc(S(=O)(=O)Nc2cnc3[nH]ccc3c2)n(C2CCCC2)n1
5S3S,W27,CC(=O)N1C2CCC1c1cccnc1C2
6BID,DW4,O=C1CCC(CO)NC(=O)C(CC2CCCCC2)NC(=O)C(NC(=O)OCc2ccccc2)Cc2cn(nn2)CCN1
5SQD,QPL,O=C(NC1c2cccc(O)c2CC1C(=O)O)c1ccc2[nH]c(CO)nc2c1
5SQD,QPX,O=C(NC1c2cccc(O)c2CC1C(=O)O)c1ccc2[nH]c(CO)nc2c1
7TV0,ALY,CC(=O)NCCCCC(N)C(=O)O
5SRX,RIK,O=C(O)CCC1CN(c2ncnc3[nH]c4cc(F)ccc4c23)CCO1
5SSJ,RQI,O=C(O)c1csc(CCNC(=O)c2cc3nc[nH]c3cc2F)n1
5RL6,LJA,CC(=O)Nc1cccc(NC(N)=O)c1
7WYP,G7O,C=CC(=O)N(Cc1nc2ccccc2s1)C1CC1
5SS1,RJS,O=C(NS(=O)(=O)Cc1ccc(Br)c(F)c1)c1cnn2ccccc12
5SSG,RPU,CC(Cc1ccco1)C(=O)NC(CC(=O)O)c1ccc2c(c1)OCO2
6Z72,A3R,Nc1ncnc2c1ncn2C1OC(COP(=O)(O)OP(=O)(O)OCC2CC(O)CN2)C(O)C1O
5RSC,W5S,Cc1c(C)n(Cc2ccco2)c2ncnc(N)c12
6XQS,SV6,CCCC(NC(=O)C1C2CCCC2CN1C(=O)C(NC(=O)C(NC(=O)c1cnccn1)C1CCCCC1)C(C)(C)C)C(O)C(=O)NC1CC1
7RVR,7W5,CC(C)(C)CC(NC(=O)C(NC(=O)OCc1ccccc1)C(C)(C)C)C(=O)NC(CO)CC1CCNC1=O
5S1C,WPV,NCc1cncc(Br)c1
5REM,T2J,CC(=O)N1CCN(c2ccccc2[N+](=O)[O-])CC1
5SRF,R8Z,CN(c1ncnc2[nH]c3cc(F)ccc3c12)C1CCCS(=O)(=O)C1
7FR7,WXB,O=C(c1cnc2[nH]c(=O)[nH]c(=O)c2c1)N1CCCCCC1
5S31,W0S,COc1cc(CN)cc(OC)c1OC
7RVO,7VI,CC(C)C(NC(=O)OCc1ccccc1)C(=O)NC(CC1CC1)C(=O)NC(CO)CC1CCNC1=O
5S33,K2G,CC(C)c1ncc(Cl)c(C(N)=O)n1
8C5M,MES,O=S(=O)([O-])CC[NH+]1CCOCC1
8C5M,MTA,CSCC1OC(n2cnc3c(N)ncnc32)C(O)C1O
3V3M,0EN,CC(C)(C)NC(=O)C(c1cccnc1)N(C(=O)c1ccco1)c1ccc(C(C)(C)C)cc1
7MB1,YVJ,CCOC(=O)CCC(CC1CCNC1=O)NC(=O)C(Cc1ccccc1)NC(=O)C(N)Cc1ccc(F)cc1
5T6G,N40,CCCCCCCCS(=O)(=O)NC(CC1CCCCC1)C(=O)NC(CO)CC1CCNC1=O
7N83,WNM,NC1CCN(S(=O)(=O)c2ccccc2)C1
7QKD,ALD,CC(C)CC(CO)NC(=O)C(CC(C)C)NC(=O)C(CC(C)C)NC(=O)OCc1ccccc1
7KQP,AR6,Nc1ncnc2c1ncn2C1OC(COP(=O)(O)OP(=O)(O)OCC2OC(O)C(O)C2O)C(O)C1O
7QUB,I70,CC(C)(C)NC(=O)NC(C(=O)N1CC2C(C1C(=O)NC(CC1CCNC1=O)C(O)C(N)=O)C2(C)C)C(C)(C)C
7M90,YTS,O=C1CN(CCOc2cc(Cl)cc(-c3cc(-c4c[nH]c(=O)[nH]c4=O)cn(-c4cccnc4)c3=O)c2)CCN1
7T41,FWI,CC(C)CC(NC(=O)OCC1CN(C(=O)OC(C)(C)C)C1)C(=O)NC(CC1C=CNC1=O)C(O)S(=O)(=O)O
7T41,FZI,CC(C)CC(NC(=O)OCC1CN(C(=O)OC(C)(C)C)C1)C(=O)NC(CC1C=CNC1=O)C(O)S(=O)(=O)O
7RN1,5ZF,CC(NC(=O)C(c1cccnc1)N(C(=O)CCl)c1ccc(-c2ccccc2)cc1)c1ccccc1
5RTT,NMI,Cn1cc(CCC(=O)O)c2ccccc21
6WQ3,SAH,Nc1ncnc2c1ncn2C1OC(CSCCC(N)C(=O)O)C(O)C1O
6WQ3,8NK,C[n+]1cn(C2OC(COP(=O)(O)OP(=O)(O)O)C(O)C2O)c2nc(N)[nH]c(=O)c21
6WQ3,GTA,C[n+]1cn(C2OC(COP(=O)(O)OP(=O)(O)OP(=O)(O)OCC3OC(n4cnc5c(N)ncnc54)C(O)C3O)C(O)C2O)c2nc(N)[nH]c(=O)c21
5RGL,U0Y,CC(=O)N1CCN(C(=O)c2ccc(C)cc2)CC1
6M18,3PH,CCCCCCCCCCCCCCCCCC(=O)OCC(COP(=O)(O)O)OC(=O)CCCCCCCCCCCCCCCCC
5SOR,WWP,Nc1ncn(Cc2cccc(C(F)(F)F)c2)c2ncnc1-2
7JW8,TG3,CCOC(=O)CCC(CC1CCNC1=O)NC(=O)C(CC(C)C)NC(=O)C(NC(=O)OCc1ccccc1)C(C)OC(C)(C)C
7JSU,UED,CC(C)CC(NC(=O)OCc1ccccc1)C(=O)NC(CO)CC1CCNC1=O
5S2Z,T6J,CS(=O)(=O)Cc1nc2ccccc2[nH]1
2AMQ,PJE,NC(/C=C/C(=O)O)CC1CCNC1=O
5SQ4,QKC,CS(=O)(=O)C1CCCN(c2ncnc3[nH]c4cc(F)ccc4c23)C1
5SR0,QY0,OC1CCCCC1Nc1ncnc2[nH]ccc12
5SR0,QXS,OC1CCCCC1Nc1ncnc2[nH]ccc12
7C8T,NOL,CC(OC(C)(C)C)C(NC(=O)OCc1ccccc1)C(=O)NC(CC1CCCCC1)C(=O)NC(CO)CC1CCNC1=O
7E19,HUO,CC(C)CC(NC(=O)C(NC(=O)OCc1ccccc1)C(C)C)C(=O)NC(CC1CCNC1=O)C(=O)c1nc2ccccc2s1
7LZU,YKM,CC(C)CC(NC(=O)OC(C)C1CCC(F)(F)CC1)C(=O)NC(CC1CCNC1=O)C(O)S(=O)(=O)O
7LZU,YKP,CC(C)CC(NC(=O)OC(C)C1CCC(F)(F)CC1)C(=O)NC(CC1CCNC1=O)C(O)S(=O)(=O)O
5RFV,T8J,CC(=O)N1CCN(C(=O)c2cccs2)CC1
5RFC,K1Y,COC(=O)Nc1sc(C)nc1-c1ccccc1
5SS7,RL9,O=C(O)c1ccc(F)c(CNC(=O)c2ccc3[nH]ccc3c2)c1
7RNK,5ZT,O=C1CC(C(=O)N2CCN(c3ccc(CO)c(Cl)c3)CC2)=NC(=O)N1
5RSP,LSA,O=C1NS(=O)(=O)c2ccccc21
5SQV,QVX,O=C(NC1c2cccc(O)c2CC1C(=O)O)c1ccc(Nc2cccnc2)cc1
7QKA,UED,CC(C)CC(NC(=O)OCc1ccccc1)C(=O)NC(CO)CC1CCNC1=O
5RFU,T8D,CC(=O)N1CCN(S(=O)(=O)c2ccc(Cl)s2)CC1
6XQT,NNA,CCCCC(NC(=O)C1C2C(CN1C(=O)C(NC(=O)NC1(CS(=O)(=O)C(C)(C)C)CCCCC1)C(C)(C)C)C2(C)C)C(O)C(=O)NC1CC1
5RL0,VEG,CCOC(=O)CCNC(=O)C(c1cccnc1)N(C(=O)CC)c1ccc(C(C)(C)C)cc1
5S2Y,W0M,CC(Oc1ccc(Cl)cc1)C(N)=O
5RES,T3V,CC(=O)N1CCN(S(=O)(=O)c2ccccc2F)CC1
5REP,T3G,CC(=O)N1CCN(S(=O)(=O)c2c(F)cccc2F)CC1
7LG0,P6G,OCCOCCOCCOCCOCCOCCO
7LME,Y6J,O=C(Nc1ccc(N(Cc2ccsc2)C(=O)Cn2nnc3ccccc32)cc1)C1CC1
7VLO,4WI,CC(C)(C)C(NC(=O)C(F)(F)F)C(=O)N1CC2C(C1C(=O)NC(C=N)CC1CCNC1=O)C2(C)C
5SAA,ZQD,Cc1cc(C2CCCN2S(C)(=O)=O)no1
5RSG,W5J,CN(CCC(=O)O)c1ncnc2[nH]ccc12
5RH7,UJ1,CCC(=O)N(c1cc(C(C)(C)C)[nH]n1)C(C(=O)Nc1c(C)cccc1CC)c1cccnc1
8DZ9,4WI,CC(C)(C)C(NC(=O)C(F)(F)F)C(=O)N1CC2C(C1C(=O)NC(C=N)CC1CCNC1=O)C2(C)C
3TIU,G82,CCOC(=O)CCC(CC1CCNC1=O)NC(=O)C(Cc1ccccc1)NC(=O)C(CCC(=O)OC(C)(C)C)NC(=O)OCc1ccccc1
5RF7,T67,CN1CCN(C(=O)Cc2c[nH]c3ncccc23)CC1
5WKJ,K36,CC(C)CC(NC(=O)OCc1ccccc1)C(=O)NC(CC1CCNC1=O)C(O)S(=O)(=O)O
5WKJ,B1S,CC(C)CC(NC(=O)OCc1ccccc1)C(=O)NC(CC1CCNC1=O)C(O)S(=O)(=O)O
5RL7,VVD,CC(=O)Nc1ccc(F)c(C(=O)O)c1
7LYH,YHJ,O=C1NCCC1CC(CO)NC(=O)C1C2CCCC2CN1C(=O)OCc1ccccc1
5RGX,UGP,Cc1ccncc1NC(=O)Cc1cccc(C#N)c1
5SQ0,QJG,CC1CC(C(=O)O)N1C(=O)c1cc(O)nc2ccc(F)cc12
5REC,T1J,Oc1ccccc1CNc1nc2ccccc2[nH]1
2ALV,CY6,CCOC(=O)/C=C/C(CC1CCNC1=O)NC(=O)C(CC=C(C)C)CC(=O)C(NC(=O)c1cc(C)on1)C(C)C
5S2X,W0J,CNC1CCCN(c2cccnn2)C1
5RFK,T7D,CC(=O)N1CCC(NC(=O)c2ccccc2)CC1
5S3K,NHE,O=S(=O)(O)CCNC1CCCCC1
7JQ1,VHJ,CC(C)C(NC(=O)OCc1ccccc1)C(=O)NC(Cc1ccccc1)C(=O)NC(CO)CC1CCNC1=O
5RLM,VW7,CC(=O)Nc1ccc(C)c2c1CCCN2
5SRA,R0L,O=C(O)C1CN(c2ncnc3[nH]c4cc(F)ccc4c23)CCO1
7MAU,YVP,C#CCOCCC(=O)NC(Cc1ccccc1)C(=O)NC(Cc1ccccc1)C(=O)NC(CCCNC(=N)N)C(C)=O
8CZV,P8C,CC(C)CC(NC(=O)OCC1CC1C1CCC(F)(F)CC1)C(=O)NC(CC1CCNC1=O)C(O)[S+](=O)(O)O
8CZV,PJR,CC(C)CC(NC(=O)OCC1CC1C1CCC(F)(F)CC1)C(=O)NC(CC1CCNC1=O)C(O)[S+](=O)(O)O
7MAX,YV7,CCOC(=O)CCC(CC1CCNC1=O)NC(=O)C(Cc1ccc(F)cc1)NC(=O)C(N)Cc1ccccc1
6Y7M,OEW,CC(C)(C)OC(=O)Nc1cccn(C(CC2CCCCC2)C(=O)NC(CC2CC=NC2=O)C(O)C(=O)NC2CC2)c1=O
5RSL,W51,Nc1ncnc(N2CC3CCC2CC3)c1Cl
5RSN,51X,O=C(O)CN1C(=O)c2ccccc2C1=O
7S70,8H3,CCCCNC(=O)C(O)C(CC1CCNC1=O)NC(=O)C1C2C(CN1C(=O)C(NC(=O)NC(C)(C)C)C(C)(C)C)C2(C)C
8E68,WGU,CC(C)CC(NC(=O)OCC(C)(C)Oc1ccc(F)cc1)C(=O)NC(CC1CCNC1=O)C(O)S(=O)(=O)O
8E68,WGO,CC(C)CC(NC(=O)OCC(C)(C)Oc1ccc(F)cc1)C(=O)NC(CC1CCNC1=O)C(O)S(=O)(=O)O
7AT9,4B0,OCCCn1nnc2c(Br)c(Br)c(Br)c(Br)c21
7AT9,42J,NCCc1ccc(Cl)c(Cl)c1
5S71,WUV,Cc1cn(C2CC(O)C(CS)O2)c(=O)[nH]c1=O
7Z0P,I8H,CNC(=O)C(O)C(CC1CCNC1=O)NC(=O)C1C2C(CN1C(=O)C(NC(=O)NC(C)(C)C)C(C)(C)C)C2(C)C
5S3C,W1D,CC(=O)c1ccc(OCC(=O)O)cc1
7ZIT,SEP,NC(COP(=O)(O)O)C(=O)O
7VTC,4WI,CC(C)(C)C(NC(=O)C(F)(F)F)C(=O)N1CC2C(C1C(=O)NC(C=N)CC1CCNC1=O)C2(C)C
7UUA,NOL,CC(OC(C)(C)C)C(NC(=O)OCc1ccccc1)C(=O)NC(CC1CCCCC1)C(=O)NC(CO)CC1CCNC1=O
7T45,EW9,CC(C)CC(NC(=O)OC1CC2(CCN(C(=O)OC(C)(C)C)CC2)C1)C(=O)NC(CC1CCNC1=O)C(O)S(=O)(=O)O
7LZX,YMG,CC(C)CC(NC(=O)OC1CCC(C)(C)CC1)C(=O)NC(CC1CCNC1=O)C(O)S(=O)(=O)O
7LZX,YMD,CC(C)CC(NC(=O)OC1CCC(C)(C)CC1)C(=O)NC(CC1CCNC1=O)C(O)S(=O)(=O)O
6LNQ,EJF,CC(C)CC(NC(=O)C(NC(=O)c1cc2ccccc2[nH]1)C(C)C)C(=O)NC(C=O)CC1CCNC1=O
5SQA,QNV,O=C1COc2cc(C(=O)NC3c4cccc(O)c4CC3C(=O)O)ccc2N1
5SQA,QNF,O=C1COc2cc(C(=O)NC3c4cccc(O)c4CC3C(=O)O)ccc2N1
7S71,8H9,CCCCCCNC(=O)C(O)C(CC1CCNC1=O)NC(=O)C1C2C(CN1C(=O)C(NC(=O)NC(C)(C)C)C(C)(C)C)C2(C)C
5SPJ,S3R,Cc1nnc(CNc2nc(Cl)cnc2N)n1C1CC1
6WTT,K36,CC(C)CC(NC(=O)OCc1ccccc1)C(=O)NC(CC1CCNC1=O)C(O)S(=O)(=O)O
6WTT,B1S,CC(C)CC(NC(=O)OCc1ccccc1)C(=O)NC(CC1CCNC1=O)C(O)S(=O)(=O)O
4YOG,4F5,CC(=O)Nc1ccc(N(C(=O)Cn2nnc3ccccc32)C(C(=O)NC(C)(C)C)c2ccsc2)cc1
5SPB,S09,O=C(Nc1ccccc1)Nc1ccc(C(=O)NC2c3cccc(O)c3CC2C(=O)O)cc1
5SPB,S0T,O=C(Nc1ccccc1)Nc1ccc(C(=O)NC2c3cccc(O)c3CC2C(=O)O)cc1
7S73,I69,CC(C)(C)NC(=O)NC(C(=O)N1CC2(CC2)CC1C(=O)NC(CO)CC1CCNC1=O)C(C)(C)C
6FV1,E8E,CC(C)CC(NC(=O)/C=C/c1ccccc1)C(=O)NC(CC1CCNC1=O)C(O)C(=O)NCc1ccccc1
6W2A,VDJ,CC(C)CC(NC(=O)OCC1CCC(F)(F)CC1)C(=O)NC(CC1CCNC1=O)C(O)S(=O)(=O)O
6W2A,QYS,CC(C)CC(NC(=O)OCC1CCC(F)(F)CC1)C(=O)NC(CC1CCNC1=O)C(O)S(=O)(=O)O
7FRA,WXO,O=c1[nH]c(=O)c2cc(S(=O)(=O)N3CCCCCC3)cnc2[nH]1
5SOM,WVY,O=C(Cc1ccc(-n2cccn2)cc1)OCC1CCCNC1=O
7LZT,YN1,CCCC1CCC(COC(=O)NC(CC(C)C)C(=O)NC(CC2CCNC2=O)C(O)S(=O)(=O)O)CC1
7LZT,YMY,CCCC1CCC(COC(=O)NC(CC(C)C)C(=O)NC(CC2CCNC2=O)C(O)S(=O)(=O)O)CC1
5RFJ,T7A,COc1cccc2sc(NC(C)=O)nc12
5S2H,VWV,CCOC(=O)CN1CCS(=O)(=O)CC1
7QL8,I70,CC(C)(C)NC(=O)NC(C(=O)N1CC2C(C1C(=O)NC(CC1CCNC1=O)C(O)C(N)=O)C2(C)C)C(C)(C)C
5SQF,QQ9,O=C(O)C1CCCN(C(=O)c2ccnc3[nH]ccc23)C1
5RE6,O0S,CC(=O)Nc1ccc(Oc2ncccn2)cc1
7BF3,ADN,Nc1ncnc2c1ncn2C1OC(CO)C(O)C1O
5RVS,0LO,O=C(O)c1cncc(-c2ccccc2)c1
5RE9,LPZ,Cc1ccc(OCC(=O)N2CC[NH+](C)CC2)cc1
7LKR,Y5S,CC(C)CC(NC(=O)OCC1CC2CCCC(C2)C1)C(=O)NC(CC1CCNC1=O)C(O)S(=O)(=O)O
7LKR,Y8Y,CC(C)CC(NC(=O)OCC1CC2CCCC(C2)C1)C(=O)NC(CC1CCNC1=O)C(O)S(=O)(=O)O
7LKR,Y4D,CC(C)CC(NC(=O)OCC1CC2CCCC(C2)C1)C(=O)NC(CC1CCNC1=O)C(O)S(=O)(=O)O
7LKR,Y91,CC(C)CC(NC(=O)OCC1CC2CCCC(C2)C1)C(=O)NC(CC1CCNC1=O)C(O)S(=O)(=O)O
8ACL,LQL,O=C(NCc1cccs1)C1CN(C(=O)c2cccnc2)CCN1c1ccc(Cl)c(Cl)c1
5RLG,VW1,CC(Oc1ccc(C#N)cc1)C(N)=O
5SLH,LLU,CC(Oc1ccccc1F)C(=O)O
7V1T,5IL,NS(=O)(=O)c1cccc2c1C(=O)C(Nc1ccccc1N1CCNCC1)=CC2=O
5SKY,O2M,Cc1csc(CNC(=O)c2ccn[nH]2)n1
7M8N,YSP,Cc1ccccc1COc1cc(Cl)cc(-c2cc(-c3c[nH]c(=O)[nH]c3=O)cn(-c3cccnc3)c2=O)c1
5SP7,RVS,O=C(Nc1ccc(C(=O)NC2c3ccccc3CCC2C(=O)O)cc1)NC1CC1
5SME,I8D,O=C(c1ccc(Cl)cc1)N1CCSCC1
5SP3,WYJ,CC1CN(c2ncnc3[nH]c4ccccc4c23)CC(CO)O1
7FR3,WWH,CCC(CNc1ncnc2[nH]cnc12)NC(=O)CCC1CCCCC1
5S27,WSM,NCCCN1C(=O)COc2ccccc21
7UUC,81L,CC(C)(C)C(NC(=O)OCc1ccccc1)C(=O)NC(CC1CC1)C(=O)NC(CO)CC1CCNC1=O
7S72,8I0,CC(C)(C)NC(=O)NC(C(=O)N1CC2C(C1C(=O)NC(CC1CCNC1=O)C(O)C(=O)NCc1ccccc1)C2(C)C)C(C)(C)C
5RFO,T7S,CC(=O)N1CCC(C(=O)N2CCCCC2)CC1
5SQZ,QXC,c1ccc(CNc2ncnc3[nH]ccc23)nc1
7JQ3,VHP,CC(C)CC(NC(=O)C(NC(=O)OCc1ccccc1)C(C)OC(C)(C)C)C(=O)NC(CO)CC1CCNC1=O
5RG1,T9J,CC(=O)NC(Cc1ccc(O)cc1)C(=O)NCC#CBr
5RT3,2FX,O=C(O)Cc1cc2ccccc2s1
5SS2,RK0,CC(=O)Nc1nc(C)c(S(=O)(=O)Nc2ccc(C)c(C#N)c2)s1
5SLG,NZJ,Cc1cccc(C(=O)N2CCC(C(N)=O)CC2)c1
5RER,T3J,CC(=O)N1CCOC(c2ccc(F)cc2)C1
5RM6,HR5,Cc1c(C(=O)NCC2CCC2)cnn1C
5REA,JGP,O=C(c1ccc2c(c1)OCO2)N1CCCCCC1
7LKT,Y4V,CC(C)CC(NC(=O)OCC12CC3CC(CC(C3)C1)C2)C(=O)NC(CC1CCNC1=O)C(O)S(=O)(=O)O
7LKT,Y7M,CC(C)CC(NC(=O)OCC12CC3CC(CC(C3)C1)C2)C(=O)NC(CC1CCNC1=O)C(O)S(=O)(=O)O
7LMH,Y6D,O=C(Cn1nnc2ccccc21)N(Cc1ccsc1)c1ccc(-c2cccnc2)cc1
7TIZ,N63,CC(C)CC(NC(=O)OCc1cccc(C(F)(F)F)c1)C(=O)NC(CC1CCNC1=O)C(O)S(=O)(=O)O
5S3P,W21,CC(NC(=O)C1CCCC1)C(=O)O
5SP4,RWL,Nc1nc(N)c2ncn(Cc3csc(Cl)n3)c2n1
5S29,WRY,CNC(=O)c1cc2ccc(F)cc2nc1C
5S3R,W24,CNC(=O)C1CCCN(S(C)(=O)=O)C1C
7T3Z,FEY,CC(C)CC(NC(=O)OC1CC2(CCN(C(=O)Cc3ccccc3)CC2)C1)C(=O)NC(CC1CCNC1=O)C(O)S(=O)(=O)O
7T3Z,FHS,CC(C)CC(NC(=O)OC1CC2(CCN(C(=O)Cc3ccccc3)CC2)C1)C(=O)NC(CC1CCNC1=O)C(O)S(=O)(=O)O
5RF9,S7D,CC1CN(C(=O)Cn2cccn2)CCO1
7K0G,K36,CC(C)CC(NC(=O)OCc1ccccc1)C(=O)NC(CC1CCNC1=O)C(O)S(=O)(=O)O
7K0G,B1S,CC(C)CC(NC(=O)OCc1ccccc1)C(=O)NC(CC1CCNC1=O)C(O)S(=O)(=O)O
6WCF,MES,O=S(=O)([O-])CC[NH+]1CCOCC1
7QBB,V1B,O=C1NC2(CC(c3ccccc3)C2)C(=O)N1c1cncc2ccccc12
8DCZ,4WI,CC(C)(C)C(NC(=O)C(F)(F)F)C(=O)N1CC2C(C1C(=O)NC(C=N)CC1CCNC1=O)C2(C)C
1WOF,I12,CCOC(=O)/C=C/C(CC1CCNC1=O)NC(=O)C(CC(C)C)NC(=O)C(NC(=O)C(C)NC(=O)c1cc(C)on1)C(C)C
7LKW,Y8S,CC(C)CC(NC(=O)OCC1CC2C=CCC(C2)C1)C(=O)NC(CC1CCNC1=O)C(O)S(=O)(=O)O
7LKW,Y8V,CC(C)CC(NC(=O)OCC1CC2C=CCC(C2)C1)C(=O)NC(CC1CCNC1=O)C(O)S(=O)(=O)O
5RFR,T81,CC(=O)N1CCN(Cc2ccc(Br)s2)CC1
7FR9,WXK,CC1(NS(=O)(=O)c2cnc3[nH]c(=O)[nH]c(=O)c3c2)CC1
5SQM,QT0,O=c1[nH]nc(C2CCCN(c3ncnc4[nH]c5cc(F)ccc5c34)C2)o1
5SQ5,QKL,O=C(Nc1ccc(C(=O)NC2c3ccccc3CC2C(=O)O)cc1)NC1CC1
5SQ5,QKX,O=C(Nc1ccc(C(=O)NC2c3ccccc3CC2C(=O)O)cc1)NC1CC1
5RSK,W57,COc1cc(Cn2cnc(N)c3ncnc2-3)on1
5SKX,T6J,CS(=O)(=O)Cc1nc2ccccc2[nH]1
7S6X,I70,CC(C)(C)NC(=O)NC(C(=O)N1CC2C(C1C(=O)NC(CC1CCNC1=O)C(O)C(N)=O)C2(C)C)C(C)(C)C
7UOB,GTP,Nc1nc2c(ncn2C2OC(COP(=O)(O)OP(=O)(O)OP(=O)(O)O)C(O)C2O)c(=O)[nH]1
7MAW,YVA,C#Cc1ccc(/C=C/C(=O)NC(CC2CC2)C(=O)NC(CCC(=O)OCC)CC2CCNC2=O)cc1
7SFB,90U,CC1(C)C2CN(C(=O)OCc3ccccc3)C(C(=O)NC(CC3CCNC3=O)C(O)C(N)=O)C21
5RLO,UQS,Fc1ccccc1CNc1cn[nH]c1
7EN8,J7R,CNC(=O)c1cc(Br)cc([N+](=O)[O-])c1NC1CCCCC1NC(=O)c1cncc2ccccc12
7DPV,HF0,COc1cc(O)c2c(c1)OC(c1cc(O)c(O)c(O)c1)C(O)C2=O
4F49,K36,CC(C)CC(NC(=O)OCc1ccccc1)C(=O)NC(CC1CCNC1=O)C(O)S(=O)(=O)O
4F49,PG4,OCCOCCOCCOCCO
6XQU,U5G,CC(C)(C)NC(=O)NC(C(=O)N1CC2C(C1C(=O)NC(CC1CCC1)C(O)C(N)=O)C2(C)C)C(C)(C)C
5SOQ,WWJ,CCc1c[nH]c2ncnc(N3CCCC(Cc4nc(C)no4)C3)c12
6WVN,GTA,C[n+]1cn(C2OC(COP(=O)(O)OP(=O)(O)OP(=O)(O)OCC3OC(n4cnc5c(N)ncnc54)C(O)C3O)C(O)C2O)c2nc(N)[nH]c(=O)c21
6WVN,MGP,C[n+]1cn(C2OC(COP(=O)(O)OP(=O)(O)OP(=O)(O)O)C(O)C2O)c2nc(N)[nH]c(=O)c21
6WVN,SAM,C[S+](CCC(N)C(=O)[O-])CC1OC(n2cnc3c(N)ncnc32)C(O)C1O
7FAY,2XI,CC(O)C(=O)N(c1ccc(C(C)(C)C)cc1)C(C(=O)NC(C)(C)C)c1cccnc1
5RUG,NOA,O=C(O)COc1cccc2ccccc12
7FR1,WWC,CC1(C(=O)NNc2ncnc3nc[nH]c23)CC1
7TQ4,IRZ,CC(C)CC(NC(=O)OCC1CC1c1cccc(Cl)c1)C(=O)NC(C=O)CC1CCNC1=O
5SRS,RFI,O=C1OCCN1C1CCN(c2ncnc3[nH]c4cc(F)ccc4c23)C1
5SRS,RFU,O=C1OCCN1C1CCN(c2ncnc3[nH]c4cc(F)ccc4c23)C1
5RMC,6SU,COC(=O)c1cccc(NS(C)(=O)=O)c1
5SLS,SZE,CN1CCN(c2ncccc2F)CC1=O
5TG2,V69,CCCCCC1CCCCCNC(=O)CCC(CO)NC(=O)C(CC(C)C)NC(=O)O1
7JKV,V7G,COc1cccc2[nH]c(C(=O)NC(CC(C)C)C(=O)NC(CC3CCNC3=O)C(O)c3nc4ccccc4s3)cc12
5RGN,U1A,CC(=O)N1CCN(S(=O)(=O)c2ccc(C)cc2)CC1
5RLW,S9S,CS(=O)(=O)NCCc1ccc(F)cc1
5SRV,RI3,O=C(O)C1(F)CN(c2ncnc3[nH]c4cc(F)ccc4c23)CC1C1CC1
7M03,YLJ,CC(C)CC(NC(=O)OCc1cccc(F)c1)C(=O)NC(CC1CCNC1=O)C(O)S(=O)(=O)O
7M03,YLD,CC(C)CC(NC(=O)OCc1cccc(F)c1)C(=O)NC(CC1CCNC1=O)C(O)S(=O)(=O)O
7BF4,5GP,Nc1nc2c(ncn2C2OC(COP(=O)(O)O)C(O)C2O)c(=O)[nH]1
7NW2,USZ,CCC(=O)N(c1ccc(C(C)(C)C)cc1)C(C(=O)NCCc1cccc(F)c1)c1cccnc1
7L6T,SAH,Nc1ncnc2c1ncn2C1OC(CSCCC(N)C(=O)O)C(O)C1O
5RLT,UVJ,Cc1nc2ccccc2n1CCC(N)=O
7TX5,APR,Nc1ncnc2c1ncn2C1OC(COP(=O)(O)OP(=O)(O)OCC2OC(O)C(O)C2O)C(O)C1O
7TIW,I54,CC(C)CC(NC(=O)OCc1ccccc1Cl)C(=O)NC(CC1CCNC1=O)C(O)S(=O)(=O)O
4YOI,4F4,O=C(Nc1ccc(N(Cc2ccsc2)C(=O)Cn2nnc3ccccc32)cc1)c1cccs1
5S2Q,W0A,CCCC(=O)NCc1nc2ccccc2[nH]1
7RN0,5ZB,CC(=O)N(c1ccc(-n2cccc2)cc1)C(C(=O)NC(C)c1ccccc1)c1cccnc1
8GON,PG4,OCCOCCOCCOCCO
5SSD,RNL,Cn1ccn2c(CCNC(=O)C3CC3C(=O)O)nnc2c1=O
5SLP,UWY,CCn1cc(NC(=O)C2CCCC2)cn1
5REB,T0Y,OC1CCN(Cc2ccsc2)CC1
7FRD,WY6,CCC(CNc1ncnc2nc[nH]c12)NC(=O)CCc1ccccc1
6JIJ,PJE,NC(/C=C/C(=O)O)CC1CCNC1=O
7LTN,YCV,COc1cc(-c2cccc3[nH]ncc23)cc(C=O)c1OCC(=O)N(C)C
7AU4,RY5,O=C1NC2(CCc3cc(Cl)ccc32)C(=O)N1Cc1ccon1
7XRS,HUR,COc1cccc2[nH]c(C(=O)NC(CC(C)C)C(=O)NC(CC3CCNC3=O)C(=O)c3nc4ccccc4s3)cc12
7C2K,F86,N#CC1(c2ccc3c(N)ncnn23)OC(COP(=O)(O)O)C(O)C1O
5SQQ,QU3,CNS(=O)(=O)c1cc(C(=O)N2CCc3nc(N)ncc3C2)co1
7TQ7,IRR,CCCC1CC1COC(=O)NC(CC(C)C)C(=O)NC(C=O)CC1CCNC1=O
5SPD,QRU,O=C(Nc1ccc(C(=O)NC2c3cccc(O)c3CC2C(=O)O)cc1)NC1CC1
5SPD,QYJ,O=C(Nc1ccc(C(=O)NC2c3cccc(O)c3CC2C(=O)O)cc1)NC1CC1
6VH1,QZ7,CC(C)CC(NC(=O)OC1CCC(F)(F)CC1)C(=O)NC(CO)CC1CCNC1=O
7LZW,YLM,CC(C)CC(NC(=O)OCc1ccc(F)cc1)C(=O)NC(CC1CCNC1=O)C(O)S(=O)(=O)O
7LZW,YLS,CC(C)CC(NC(=O)OCc1ccc(F)cc1)C(=O)NC(CC1CCNC1=O)C(O)S(=O)(=O)O
5SSN,RS9,O=C(NC1c2cccc(O)c2CC1C(=O)O)c1ccc2[nH]c(CO)nc2c1
7LLF,Y54,Cc1ccc(NC2CNC2)cc1C(=O)NC(C)c1cccc(-c2ccc(CNC3CCC(O)C3)s2)c1
7NL7,UH5,NCCCOC1OC(CO)C(O)C(O)C1n1cc(-c2ccccc2)nn1
7RVY,7YQ,CC(OC(C)(C)C)C(NC(=O)OCc1cccc(Cl)c1)C(=O)NC(CC1CCCCC1)C(=O)NC(CO)CC1CCNC1=O
8DPR,T43,CC(C)(C)C(NC(=O)C(F)(F)F)C(=O)N1CC2C(C1C(=S)NC(CC1CCNC1=O)C(=O)c1nc3c(F)cccc3s1)C2(C)C
8CZW,P8L,CC(C)CC(NC(=O)OCC1CC1C1CCCCC1)C(=O)NC(CC1CCNC1=O)C(O)[S+](=O)(O)O
8CZW,P8U,CC(C)CC(NC(=O)OCC1CC1C1CCCCC1)C(=O)NC(CC1CCNC1=O)C(O)[S+](=O)(O)O
7NTK,FLC,O=C([O-])CC(O)(CC(=O)[O-])C(=O)[O-]
7N7Y,RZG,COC(=O)c1ccc(S(N)(=O)=O)cc1
7TX1,AR6,Nc1ncnc2c1ncn2C1OC(COP(=O)(O)OP(=O)(O)OCC2OC(O)C(O)C2O)C(O)C1O
5RVE,W8A,CC(SCC(=O)O)C(=O)N1CCNC1=O
5RFW,T8M,CC(=O)N1CCN(Cc2cccs2)CC1
8ACD,LQ6,O=C(NCc1cccs1)C1CN(C(=O)c2cc(=O)[nH]c(=O)[nH]2)CCN1c1ccc(Cl)c(Cl)c1
5RFX,T8P,COc1ccc(N2CCN(C(C)=O)CC2)cc1
5SPC,QLF,O=C(NC1c2cccc(O)c2CC1C(=O)O)c1cnc2c(c1)CCCN2
5SPC,QLU,O=C(NC1c2cccc(O)c2CC1C(=O)O)c1cnc2c(c1)CCCN2
7AIJ,DDG,Nc1nc2c(ncn2C2CCC(COP(=O)(O)O)O2)c(=O)[nH]1
7AIJ,MRG,O=c1[nH]c(NCCCS)nc2c1ncn2C1CC(O)C(COP(=O)(O)O)O1
7AIJ,RFE,CSCCC(NP(=O)(O)COC(C)Cn1cnc2c(N)ncnc21)C(=O)O
7RMB,5Z7,O=C(c1cc(=O)[nH]c(=O)[nH]1)N1CCN(c2ccc(Br)c(Cl)c2)CC1
5RUP,04R,O=C(O)Cn1nc(C(F)(F)F)c2c1CCCC2
5RFQ,T7Y,CC(=O)Nc1cccc(N2CCCC2=O)c1
5RFI,T71,CC(=O)N1CCN(S(=O)(=O)c2cc(C)ccc2C)CC1
8CZT,P8L,CC(C)CC(NC(=O)OCC1CC1C1CCCCC1)C(=O)NC(CC1CCNC1=O)C(O)[S+](=O)(O)O
7UUD,I71,CCNC(=O)C(O)C(CC1CCNC1=O)NC(=O)C1C2C(CN1C(=O)C(NC(=O)NC(C)(C)C)C(C)(C)C)C2(C)C
5RS8,H35,c1coc(CNc2ncnc3nc[nH]c23)c1
7JP0,VJA,CC(C)CC(NC(=O)C(NC(=O)OCc1ccccc1)C(C)C)C(=O)NC(CO)CC1CCNC1=O
7RVM,7V2,CC(C)C(NC(=O)OCc1ccccc1)C(=O)NC(CC(C)(C)C)C(=O)NC(CO)CC1CCNC1=O
5RVC,W7V,CN(C(=O)C12CCCC1C2)c1cn[nH]c1
7XC4,BJ6,O=C(O)CCc1nc(-c2ccccc2)c(-c2ccccc2)o1
7DPU,HER,COc1cc(O)c2c(=O)c(O)c(-c3cc(O)c(O)c(O)c3)oc2c1
2GX4,NOL,CC(OC(C)(C)C)C(NC(=O)OCc1ccccc1)C(=O)NC(CC1CCCCC1)C(=O)NC(CO)CC1CCNC1=O
5S3H,W1M,Cn1ccc(C(=O)Nc2cccc(C(=O)O)c2)n1
5E0J,5LJ,O=C1CCC(CO)NC(=O)C(CC2CCCCC2)NC(=O)C(NC(=O)OCc2ccccc2)Cc2cn(nn2)CCCCCCN1
5SMC,LRF,Cc1nsc(N(C)CC(N)=O)c1C#N
5RTB,3XH,O=C(O)CNC(=O)c1cccc(O)c1
5SRC,QIO,O=C(O)C(O)C1CCCN(c2ncnc3[nH]c4cc(F)ccc4c23)C1
5SRC,QIR,O=C(O)C(O)C1CCCN(c2ncnc3[nH]c4cc(F)ccc4c23)C1
5RGI,U0P,Cc1cc(CN(C)C(=O)NC2CC2)no1
5SRO,RD6,O=C(O)C1(F)CN(c2ncnc3[nH]c4cc(Br)ccc4c23)CC12CCC2
5SRO,RCR,O=C(O)C1(F)CN(c2ncnc3[nH]c4cc(Br)ccc4c23)CC12CCC2
5SLF,LJA,CC(=O)Nc1cccc(NC(N)=O)c1
5SP9,RWC,O=C(Nc1ccc(C(=O)N2CC(C(=O)O)Cc3ccccc32)cc1)NC1CC1
5RM1,RY4,CS(=O)(=O)Nc1ccc(CN)cc1
5SPI,S2R,O=C(NC1c2ccccc2CC1C(=O)O)c1ccc(NC(=O)C2CC2)cc1
5SPI,S1X,O=C(NC1c2ccccc2CC1C(=O)O)c1ccc(NC(=O)C2CC2)cc1
6XKM,SAM,C[S+](CCC(N)C(=O)[O-])CC1OC(n2cnc3c(N)ncnc32)C(O)C1O
7O36,GTP,Nc1nc2c(ncn2C2OC(COP(=O)(O)OP(=O)(O)OP(=O)(O)O)C(O)C2O)c(=O)[nH]1
5SRD,R8K,CS(=O)(=O)NC(=O)C1(F)CN(c2ncnc3[nH]c4cc(F)ccc4c23)CC12CCC2
8DZ1,7YY,Cn1cnc(Cn2c(=O)nc(Nc3cc4cn(C)nc4cc3Cl)n(Cc3cc(F)c(F)cc3F)c2=O)n1
5SOV,WXD,CCc1c[nH]c2ncnc(N3CCCC(S(C)(=O)=O)C3)c12
5SOV,WXA,CCc1c[nH]c2ncnc(N3CCCC(S(C)(=O)=O)C3)c12
7O46,V18,O=C1NC2(CC(C3CCC3)C2)C(=O)N1c1cncc2ccccc12
8E6C,UTU,CC(C)CC(NC(=O)OCC(C)(C)Sc1cccc(F)c1)C(=O)NC(CC1CCNC1=O)C(O)S(=O)(=O)O
5SSR,RVF,O=C(NCc1c(C(=O)O)[nH]c2ccccc12)c1ccc2[nH]c(O)nc2c1
5SRY,RIW,O=C1CCCN1Nc1ncnc2[nH]c3cc(F)ccc3c12
5RFL,T7G,CC(=O)N1CCC(C(=O)Nc2ccccc2O)CC1
5T6D,N38,COc1ccc(OCCCS(=O)(=O)NC(CC2CCCCC2)C(=O)NC(CO)CC2CCNC2=O)cc1
6XBG,UZ4,NC(CC1CCNC1=O)C(O)C(=O)O
6W02,APR,Nc1ncnc2c1ncn2C1OC(COP(=O)(O)OP(=O)(O)OCC2OC(O)C(O)C2O)C(O)C1O
7EO7,FNO,CC(C)=CCC(O)C1=CC(=O)c2c(O)ccc(O)c2C1=O
5RUH,KNL,O=C(O)COc1c(Cl)cccc1Cl
5REN,T2V,CC(=O)N1CCCC(c2nc3ccccc3s2)C1
7JQ5,NOL,CC(OC(C)(C)C)C(NC(=O)OCc1ccccc1)C(=O)NC(CC1CCCCC1)C(=O)NC(CO)CC1CCNC1=O
5S30,W0P,CC(Oc1ccccc1F)C(=O)O
6XHL,V2M,COc1cccc2[nH]c(C(=O)NC(CC(C)C)C(=O)NC(CC3CCNC3=O)C(O)CO)cc12
5SQW,QW3,O=C(Nc1ccc(C(=O)NC2c3cccc(O)c3CC2C(=O)O)c(O)c1)NC1CC1
5SQW,QWC,O=C(Nc1ccc(C(=O)NC2c3cccc(O)c3CC2C(=O)O)c(O)c1)NC1CC1
7JQ4,XM2,CC(OC(C)(C)C)C(NC(=O)OCc1ccccc1)C(=O)NC(Cc1ccccc1)C(=O)NC(CO)CC1CCNC1=O
5RUA,3EU,O=C(O)Cc1cc(Cl)cc(Cl)c1
5SA8,JOV,CC(C)(CO)NC(=O)c1cccc(Cl)c1
7B62,1PE,OCCOCCOCCOCCOCCO
7B62,BLA,C=CC1=C(C)/C(=C/c2[nH]c(/C=C3\N=C(/C=C4\NC(=O)C(C)=C4C=C)C(C)=C3CCC(=O)O)c(CCC(=O)O)c2C)NC1=O
7B62,PG4,OCCOCCOCCOCCO
7T40,FV5,CC(C)CC(NC(=O)OC1CC2(CCN(S(C)(=O)=O)CC2)C1)C(=O)NC(CC1CCNC1=O)C(O)S(=O)(=O)O
7T40,FVE,CC(C)CC(NC(=O)OC1CC2(CCN(S(C)(=O)=O)CC2)C1)C(=O)NC(CC1CCNC1=O)C(O)S(=O)(=O)O
7K1O,VQV,O=c1ccn(C2OC(COP(=O)(O)O)C(OP(=O)(O)O)C2O)c(=O)[nH]1
7B2J,SQ2,CC1CCN(C(=O)Cn2nnc3ccccc32)CC1
7S4B,87H,CC(C(=O)Nc1cncc2ccccc12)c1cccc(F)c1
5RUO,W6A,O=C(O)c1cc2c(Cl)cccc2[nH]1
5SRE,R8R,O=C(O)C1CN(c2ncnc3[nH]c4cc(F)ccc4c23)CCC12CCC2
5SQL,QSL,O=S1(=O)CC(CNc2ncnc3[nH]ccc23)C1
7LZY,YMM,CCCC1CCC(OC(=O)NC(CC(C)C)C(=O)NC(CC2CCNC2=O)C(O)S(=O)(=O)O)CC1
7LZY,YMJ,CCCC1CCC(OC(=O)NC(CC(C)C)C(=O)NC(CC2CCNC2=O)C(O)S(=O)(=O)O)CC1
5S32,W0V,CC(C)C(=O)NCc1nc2ccccc2[nH]1
7ODN,GTP,Nc1nc2c(ncn2C2OC(COP(=O)(O)OP(=O)(O)OP(=O)(O)O)C(O)C2O)c(=O)[nH]1
7CUU,ALD,CC(C)CC(CO)NC(=O)C(CC(C)C)NC(=O)C(CC(C)C)NC(=O)OCc1ccccc1
7T44,ESS,CC(C)CC(NC(=O)OC1CC2(C1)CN(S(C)(=O)=O)C2)C(=O)NC(CC1CCNC1=O)C(O)S(=O)(=O)O
7T44,ET6,CC(C)CC(NC(=O)OC1CC2(C1)CN(S(C)(=O)=O)C2)C(=O)NC(CC1CCNC1=O)C(O)S(=O)(=O)O
5SPF,RYQ,Cc1nc(Cn2cnc3c(N)nc(N)nc32)cs1
7NTV,US8,CC(=O)Nc1sc(-c2ccccc2)cc1C(=O)NC1CC1
8DGY,SD6,CC(C)CC(NC(=O)OCC1CC1CC1CCCCC1)C(=O)NC(CC1CCNC1=O)C(O)[S+](=O)(O)O
8DGY,S9U,CC(C)CC(NC(=O)OCC1CC1CC1CCCCC1)C(=O)NC(CC1CCNC1=O)C(O)[S+](=O)(O)O
7S6Z,I71,CCNC(=O)C(O)C(CC1CCNC1=O)NC(=O)C1C2C(CN1C(=O)C(NC(=O)NC(C)(C)C)C(C)(C)C)C2(C)C
8DD9,B1S,CC(C)CC(NC(=O)OCc1ccccc1)C(=O)NC(CC1CCNC1=O)C(O)S(=O)(=O)O
5S4I,W3Y,CC1C(=O)NC(=O)N1c1ccc(Cl)cc1
5RHF,UPJ,CC(=O)N1CCC(C(=O)N(C)c2ccccc2)CC1
7RNH,5ZW,O=C(c1cc(=O)[nH]c(=O)[nH]1)N1CCN(c2ccc(Cl)cc2)CC1
7JT7,TG3,CCOC(=O)CCC(CC1CCNC1=O)NC(=O)C(CC(C)C)NC(=O)C(NC(=O)OCc1ccccc1)C(C)OC(C)(C)C
5RLZ,VWM,CC(=O)N1CCCC(O)(C(=O)O)C1
7TIA,XTP,O=C(NC(CC1CC1)C(=O)NC(CO)CC1CCNC1=O)OCc1ccccc1
5SQN,QT6,O=C(O)CCC1CCCN(c2ncnc3[nH]c4cc(F)ccc4c23)C1
5SS0,RJL,COc1cncc(C(=O)NCCNC(=O)c2ncccc2O)c1
5C5O,SDJ,O=CC(Cc1cnc[nH]1)NCC1CC2CCCCC2CN1C(=O)CCNc1ccccc1
8E69,WIO,CC(C)CC(NC(=O)OCC(C)(C)Oc1cccc(F)c1)C(=O)NC(CC1CCNC1=O)C(O)S(=O)(=O)O
5S35,B1A,CC(=O)Nc1ccc(Nc2ccccc2)cc1
5SQ3,QK6,O=C(O)CC1CN(c2ncnc3[nH]c4cc(F)ccc4c23)CCO1
5SSM,RS0,O=C(NC1c2cccc(O)c2CC1C(=O)O)c1ccc2[nH]cnc2c1
5SSM,RRF,O=C(NC1c2cccc(O)c2CC1C(=O)O)c1ccc2[nH]cnc2c1
6W81,X77,CC(C)(C)c1ccc(N(C(=O)c2c[nH]cn2)C(C(=O)NC2CCCCC2)c2cccnc2)cc1
7YGQ,HUR,COc1cccc2[nH]c(C(=O)NC(CC(C)C)C(=O)NC(CC3CCNC3=O)C(=O)c3nc4ccccc4s3)cc12
7AIG,DDG,Nc1nc2c(ncn2C2CCC(COP(=O)(O)O)O2)c(=O)[nH]1
7AIG,MRG,O=c1[nH]c(NCCCS)nc2c1ncn2C1CC(O)C(COP(=O)(O)O)O1
7AIG,RE5,CC(Cn1cnc2c(N)ncnc21)OCP(=O)(O)NC(CCC(=O)O)C(=O)O
5SQU,QVL,Cc1c[nH]c2ncc(C(=O)N(C)c3nnn[nH]3)cc12
5RL8,VVG,CCS(=O)(=O)Nc1ccccc1F
7KX5,X7V,CC(NC(=O)C(c1cccnc1)N(C(=O)c1ccco1)c1ccc(-c2ccccc2)cc1)c1ccccc1
5S44,W3A,O=C(O)Cn1cc(Br)cn1
7TJ0,S4L,O=C(NC(CC1CCCCC1)C(=O)NC(CC1CCNC1=O)C(O)S(=O)(=O)O)OCc1ccccc1
5RH5,UHV,CCC(=O)N(c1cc(C(C)(C)C)on1)C(C(=O)Nc1ccc(OC)cc1C)c1cccnc1
5SRK,R9U,CS(=O)(=O)NC(=O)C1CN(c2ncnc3[nH]c4cc(F)ccc4c23)CCO1
7T42,FIK,CC(C)CC(NC(=O)OC1CC2(C1)CN(C(=O)C(C)C)C2)C(=O)NC(CC1CCNC1=O)C(O)S(=O)(=O)O
7T42,FIW,CC(C)CC(NC(=O)OC1CC2(C1)CN(C(=O)C(C)C)C2)C(=O)NC(CC1CCNC1=O)C(O)S(=O)(=O)O
7QUW,I70,CC(C)(C)NC(=O)NC(C(=O)N1CC2C(C1C(=O)NC(CC1CCNC1=O)C(O)C(N)=O)C2(C)C)C(C)(C)C
5SSF,RP0,Cc1oc(C(N)=O)cc1S(=O)(=O)Nc1ccc(Br)c(C#N)c1
7L8H,AG7,CCOC(=O)CCC(CC1CCNC1=O)NC(=O)C(CC(=O)C(NC(=O)c1cc(C)on1)C(C)C)Cc1ccc(F)cc1
5SP0,WY7,Nc1ncn(Cc2cc(-c3ccco3)on2)c2ncnc1-2
5SOU,RZ9,O=c1[nH]nc(C2CCCN(c3ncnc4[nH]ccc34)C2)o1
5SOU,WX7,O=c1[nH]nc(C2CCCN(c3ncnc4[nH]ccc34)C2)o1
8DD1,K36,CC(C)CC(NC(=O)OCc1ccccc1)C(=O)NC(CC1CCNC1=O)C(O)S(=O)(=O)O
7TWT,AR6,Nc1ncnc2c1ncn2C1OC(COP(=O)(O)OP(=O)(O)OCC2OC(O)C(O)C2O)C(O)C1O
5RLI,JFM,CS(=O)(=O)NCCc1ccccc1
5RH0,UH4,Cc1ccc(NC(=O)Nc2cccnc2)s1
7B2U,SQ5,O=C1NC(CC2CCCCC2)C(=O)N1c1cncc(F)c1
5RLL,H04,CCOc1ccccc1N1CCNCC1
5SRN,RBO,O=C(O)CC1CN(c2ncnc3[nH]c4ccccc4c23)CCO1
5SRN,RC3,O=C(O)CC1CN(c2ncnc3[nH]c4ccccc4c23)CCO1
5SQY,QWO,O=C(Nc1ccc(C(=O)NC2c3cccc(O)c3CC2C(=O)O)c2scnc12)NC1CC1
5N19,D03,O=C(/C=C/c1ccccc1)NC(Cc1ccccc1)C(=O)NC(CC1CCNC1=O)C(O)C(=O)NCc1ccccc1
7L14,XFD,N#Cc1ccccc1-c1cc(-c2cc(Cl)cc(OCC3CC3)c2)c(=O)n(-c2cccnc2)c1
5SOS,WWS,Nc1ncn(Cc2ccc(Cl)cn2)c2ncnc1-2
8A4Q,O6K,CC(C)(C)OC(=O)Nc1cccn(C(CC2CC2)C(=O)NC(CC2CCNC2=O)C(O)C(=O)NCc2ccccc2)c1=O
5RSV,4MB,CS(=O)(=O)Nc1ccc(C(=O)O)cc1
5SPP,S5U,CN(CCCC(=O)O)C(=O)c1ncnc2[nH]ccc12
5WEJ,V45,CC(C)CC(C(=O)NC(C=O)CC1CCNC1=O)N1CC(Cc2cccc(Cl)c2)OC1=O
7RFR,4W8,COc1cccc2[nH]c(C(=O)N3CC4C(C3C(=O)NC(CC3CCNC3=O)C(O)c3nc5ccccc5s3)C4(C)C)cc12
5SRR,RF0,COC1CN(c2ncnc3[nH]c4cc(F)ccc4c23)CC(CO)O1
7K0F,VR4,CC(C)CC(NC(=O)OCc1ccccc1)C(=O)NC(CC1CCNC1=O)C(O)C(=O)NCc1ccccc1
5SLN,LUY,c1ccc(CCNc2nc3ccccc3[nH]2)cc1
5S3B,W1A,CS(=O)(=O)NCC1CCNCC1
7LKU,Y5S,CC(C)CC(NC(=O)OCC1CC2CCCC(C2)C1)C(=O)NC(CC1CCNC1=O)C(O)S(=O)(=O)O
7LKU,Y8Y,CC(C)CC(NC(=O)OCC1CC2CCCC(C2)C1)C(=O)NC(CC1CCNC1=O)C(O)S(=O)(=O)O
7LKU,Y4D,CC(C)CC(NC(=O)OCC1CC2CCCC(C2)C1)C(=O)NC(CC1CCNC1=O)C(O)S(=O)(=O)O
7LKU,Y91,CC(C)CC(NC(=O)OCC1CC2CCCC(C2)C1)C(=O)NC(CC1CCNC1=O)C(O)S(=O)(=O)O
7JPZ,GHX,O=C(NC(Cc1ccccc1)C(=O)NC(CO)CC1CCNC1=O)OCc1ccccc1
5RV2,W7S,O=C(NCc1ccccc1)c1cnccn1
5RGK,U0V,O=C(NCCc1ccncc1)c1ccccc1F
7CB7,B1S,CC(C)CC(NC(=O)OCc1ccccc1)C(=O)NC(CC1CCNC1=O)C(O)S(=O)(=O)O
5SLD,LJ6,Cc1noc(C)c1CC(C)C(=O)N(C)C
7UUB,7VB,C=C(C)CC(NC(=O)C(NC(=O)OCc1ccccc1)C(C)C)C(=O)NC(CO)CC1CCNC1=O
7C2I,SAM,C[S+](CCC(N)C(=O)[O-])CC1OC(n2cnc3c(N)ncnc32)C(O)C1O
7NBT,U7W,CC1c2ccsc2CCN1C(=O)Cn1nnc2ccccc21
7UJU,4WI,CC(C)(C)C(NC(=O)C(F)(F)F)C(=O)N1CC2C(C1C(=O)NC(C=N)CC1CCNC1=O)C2(C)C
5SQ9,QMO,CC(C)NC(=O)Nc1ccc(C(=O)NC2c3cccc(O)c3CC2C(=O)O)cc1
5SQ9,QN0,CC(C)NC(=O)Nc1ccc(C(=O)NC2c3cccc(O)c3CC2C(=O)O)cc1
7TQ2,ISG,CC(C)CC(NC(=O)OCC1CC1c1ccccc1)C(=O)NC(C=O)CC1CCNC1=O
6W61,SAM,C[S+](CCC(N)C(=O)[O-])CC1OC(n2cnc3c(N)ncnc32)C(O)C1O
6W61,KCX,NC(CCCCNC(=O)O)C(=O)O
5RM8,GQJ,COC(=O)C1CC(O)CN1C(=O)c1ccco1
5SLM,WN1,COc1cccc(C(=O)Nc2ccccc2F)c1
7OR9,PG4,OCCOCCOCCOCCO
5SPO,S5F,O=c1nc(N2CC(Cn3cnnc3)C3(CCC3)C2)cc(Cl)[nH]1
5R83,K0G,O=C(Nc1ccccc1)Nc1cccnc1
7LFU,UB4,NC(CCc1nc2ccccc2s1)C(=O)O
7TWW,AR6,Nc1ncnc2c1ncn2C1OC(COP(=O)(O)OP(=O)(O)OCC2OC(O)C(O)C2O)C(O)C1O
5SRU,RGF,O=C(O)C1CN(c2ncnc3[nH]c4cc(F)ccc4c23)CC12CCC2
5RFS,T84,CC(=O)N1CCN(Cc2ccsc2)CC1
5SRG,R98,CN(Cc1ccccn1)c1ncnc2[nH]c3cc(F)ccc3c12
7LMD,Y6A,O=C(Cn1nnc2ccccc21)N(Cc1ccsc1)c1ccc(-c2cn[nH]c2)cc1
5SP6,RXX,Cc1ccc(-c2nc(Cn3cnc4c(N)nc(N)nc43)cs2)o1
7COM,U5G,CC(C)(C)NC(=O)NC(C(=O)N1CC2C(C1C(=O)NC(CC1CCC1)C(O)C(N)=O)C2(C)C)C(C)(C)C
5SPM,S4O,Cn1nc(O)c2c1CN(C(=O)c1cc(O)cc(=O)o1)CC2
5S3G,JHS,CC(=O)NCC1(c2ccccc2)CCOCC1
5SLK,LKL,CN(CCO)c1ncc(Cl)cc1F
7M91,YU4,O=c1[nH]cc(-c2cc(-c3cc(Cl)cc(OCCC(F)(F)F)c3)c(=O)n(-c3cccnc3)c2)c(=O)[nH]1
5N5O,8O5,O=C(/C=C/c1ccccc1)NC(CC1CC1)C(=O)NC(CC1CCNC1=O)C(O)C(=O)NCc1ccccc1
8E5Z,WJB,CC(C)CC(NC(=O)OCC(C)(C)S(=O)(=O)c1ccccc1)C(=O)NC(CC1CCNC1=O)C(O)S(=O)(=O)O
8E5Z,UQO,CC(C)CC(NC(=O)OCC(C)(C)S(=O)(=O)c1ccccc1)C(=O)NC(CC1CCNC1=O)C(O)S(=O)(=O)O
4YLU,R30,CCC(=O)Nc1ccc(N(Cc2ccsc2)C(=O)Cn2nnc3ccccc32)cc1
4TWW,3A7,O=CC(Cc1cnc[nH]1)NCC1CC2CCCCC2CN1C(=O)c1ccc(Br)cc1
8E5X,URR,CC(C)CC(NC(=O)OCC(C)(C)S(=O)c1ccccc1)C(=O)NC(CC1CCNC1=O)C(O)S(=O)(=O)O
8E5X,UO9,CC(C)CC(NC(=O)OCC(C)(C)S(=O)c1ccccc1)C(=O)NC(CC1CCNC1=O)C(O)S(=O)(=O)O
7RVX,7YI,O=C(NC(C(=O)NC(CC1CC1)C(=O)NC(CO)CC1CCNC1=O)C1CC1)OCc1ccccc1
8DZ0,7YY,Cn1cnc(Cn2c(=O)nc(Nc3cc4cn(C)nc4cc3Cl)n(Cc3cc(F)c(F)cc3F)c2=O)n1
5S2O,NXS,OCC1CCN(c2ncccn2)CC1
5SQC,QOR,O=C(NC1c2cccc(O)c2CC1C(=O)O)c1cnc(NC2CCOCC2)cn1
5SQC,QP9,O=C(NC1c2cccc(O)c2CC1C(=O)O)c1cnc(NC2CCOCC2)cn1
8E61,VM0,CC(C)CC(NC(=O)OCC(C)(C)Sc1cccc(Cl)c1)C(=O)NC(CC1CCNC1=O)C(O)S(=O)(=O)O
8E61,VLU,CC(C)CC(NC(=O)OCC(C)(C)Sc1cccc(Cl)c1)C(=O)NC(CC1CCNC1=O)C(O)S(=O)(=O)O
5RGS,S7V,OCC1CN(Cc2ccccc2)CCO1
5RVD,W7Y,c1nc(N2CCCC2C2CCC2)c2cc[nH]c2n1
7FR6,WX6,O=C(c1ccnc2[nH]c(O)nc12)N1CCCCCC1
5S3V,W2M,O=C1Nc2ccccc2CC12CCCN2
6YLA,1PE,OCCOCCOCCOCCOCCO
7T49,FV5,CC(C)CC(NC(=O)OC1CC2(CCN(S(C)(=O)=O)CC2)C1)C(=O)NC(CC1CCNC1=O)C(O)S(=O)(=O)O
7T49,FVE,CC(C)CC(NC(=O)OC1CC2(CCN(S(C)(=O)=O)CC2)C1)C(=O)NC(CC1CCNC1=O)C(O)S(=O)(=O)O
7QKB,UED,CC(C)CC(NC(=O)OCc1ccccc1)C(=O)NC(CO)CC1CCNC1=O
5S2C,WSJ,Cc1c(NS(C)(=O)=O)c(=O)n(-c2ccccc2)n1C
8B2T,OW1,C=CC(CC1CCNC1=O)NC(=O)C1C2C(CN1C(=O)C(NC(=O)C(F)(F)F)C(C)(C)C)C2(C)C
5RSM,4SO,NS(=O)(=O)c1ccc(C(=O)O)cc1
5RSZ,ZZA,O=C(O)c1cnn(-c2ccccc2)c1
7S3S,860,O=C(Cc1cccc(Cl)c1)Nc1cncc2ccccc12
6FV2,D03,O=C(/C=C/c1ccccc1)NC(Cc1ccccc1)C(=O)NC(CC1CCNC1=O)C(O)C(=O)NCc1ccccc1
4XBB,3ZR,CCOP(=O)(OCC)C(O)C(CC1=CC=NC1=O)NC(=O)C(CC1CCCCC1)NC(=O)OCc1cccc(Cl)c1
8DRZ,1PE,OCCOCCOCCOCCOCCO
5S2K,VZP,CC(C)NC(=O)N(C)C1CCS(=O)(=O)C1
5SLA,LJR,CNS(=O)(=O)CC1CCCCC1
5SLV,EJQ,O=C(CN1CCCC1)Nc1ccc(F)cc1
7TIY,Y48,CC(C)CC(NC(=O)OCc1cc(F)c(F)cc1F)C(=O)NC(CC1CCNC1=O)C(O)S(=O)(=O)O
5RUD,2D0,Nc1nc2c(Cl)cccc2s1
7TVS,XNJ,Cc1ccc(NC(=O)c2ccc(CN3CCNCC3)cc2)cc1Nc1nc(-c2cccnc2)cs1
7TLL,4WI,CC(C)(C)C(NC(=O)C(F)(F)F)C(=O)N1CC2C(C1C(=O)NC(C=N)CC1CCNC1=O)C2(C)C
8F44,XFF,CC(C)CC(NC(=O)OCC(C)(C)Sc1ccccc1)C(=O)NC(CC1CCNC1=O)C(O)S(=O)(=O)O
8F44,XFR,CC(C)CC(NC(=O)OCC(C)(C)Sc1ccccc1)C(=O)NC(CC1CCNC1=O)C(O)S(=O)(=O)O
4XBC,M40,O=C(NC(CC1CCCCC1)C(=O)NC(CC1CCNC1=O)C(O)S(=O)(=O)O)OCc1ccccc1
4XBC,PG4,OCCOCCOCCOCCO
7P35,AG7,CCOC(=O)CCC(CC1CCNC1=O)NC(=O)C(CC(=O)C(NC(=O)c1cc(C)on1)C(C)C)Cc1ccc(F)cc1
7L0D,0EN,CC(C)(C)NC(=O)C(c1cccnc1)N(C(=O)c1ccco1)c1ccc(C(C)(C)C)cc1
5S24,WRM,CNC(=O)Cn1cnc2ccccc21
8DZ6,4WI,CC(C)(C)C(NC(=O)C(F)(F)F)C(=O)N1CC2C(C1C(=O)NC(C=N)CC1CCNC1=O)C2(C)C
5SAI,ZQM,CC(C)Sc1ccccc1NC(N)=O
5SSO,RSR,Nc1nc(N2CC3(CCC3)C(F)(C(=O)O)C2)c2c(n1)[nH]c1cc(F)ccc12
5SSO,RT5,Nc1nc(N2CC3(CCC3)C(F)(C(=O)O)C2)c2c(n1)[nH]c1cc(F)ccc12
5SLB,LJK,CCC(C)(C)NC(=O)c1cc(C)n[nH]1
7LMJ,Y67,O=C(Cn1nnc2ccccc21)N(Cc1cccc(Cl)c1)c1ccc(-c2ccc[nH]c2=O)cc1
7NT2,URK,C=CC(=O)OC(C(=O)NCc1cccc(OC)c1OC)c1ccc([N+](=O)[O-])cc1
7VTH,7XB,CNC(=O)Cn1c(=O)nc(Nc2ccc(OC(F)F)cc2C)n(Cc2cc(F)c(F)c(F)c2)c1=O
5S2V,W0G,CNC1CCN(c2ccccc2F)C1=O
5RGU,UGD,O=C(Cc1cncnc1)Nc1cccc(OC2CC(=O)N2)c1
7L10,XEY,N#Cc1ccccc1-c1cc(-c2cc(Cl)cc(Cl)c2)c(=O)n(-c2cccnc2)c1
5S36,7ZC,COc1ccc2[nH]cc(CN(C)C)c2c1
7JU7,G65,Cc1ccc(NC(=O)c2ccc(CN3CCN(C)CC3)cc2)cc1Nc1nc(-c2cccnc2)cs1
5RUM,52F,O=C(O)CCc1nc2ccccc2[nH]c1=O
5S43,UUJ,N#Cc1cc(Br)ccc1O
8ERS,WQO,Nc1ccc(C(=O)OC2c3ccccc3CC2C(=O)O)c(O)c1
7T4B,FWI,CC(C)CC(NC(=O)OCC1CN(C(=O)OC(C)(C)C)C1)C(=O)NC(CC1C=CNC1=O)C(O)S(=O)(=O)O
7T4B,FZI,CC(C)CC(NC(=O)OCC1CN(C(=O)OC(C)(C)C)C1)C(=O)NC(CC1C=CNC1=O)C(O)S(=O)(=O)O
7BQ7,SAM,C[S+](CCC(N)C(=O)[O-])CC1OC(n2cnc3c(N)ncnc32)C(O)C1O
3R24,SAM,C[S+](CCC(N)C(=O)[O-])CC1OC(n2cnc3c(N)ncnc32)C(O)C1O
5SRW,RI7,COC(=O)CC1CN(c2ncnc3[nH]c4cc(F)ccc4c23)CCO1
5RSJ,W5A,Cc1nc(Cn2cnc(N)c3ncnc2-3)cs1
7LMI,Y6A,O=C(Cn1nnc2ccccc21)N(Cc1ccsc1)c1ccc(-c2cn[nH]c2)cc1
7RM2,5YJ,Cc1c(Cl)cc(N2CCN(C(=O)c3cc(=O)[nH]c(=O)[nH]3)CC2)cc1Cl
5SMB,LRR,O=C(CCCc1ccccc1)N1CCOCC1
7S74,I68,CC(C)(C)CC(NC(=O)C(NC(=O)NC(C)(C)C)C(C)(C)C)C(=O)NC(CO)CC1CCNC1=O
7L5D,XNJ,Cc1ccc(NC(=O)c2ccc(CN3CCNCC3)cc2)cc1Nc1nc(-c2cccnc2)cs1
2AMD,9IN,CCOC(=O)/C=C/C(CC1CCNC1=O)NC(=O)C(CC(C)C)NC(=O)C(NC(=O)C(NC(=O)c1ccoc1)C(C)C)C(C)C
7WYM,G7L,C=CC(=O)N(C)Cc1nc(C(F)(F)F)cs1
7SFH,91I,CC1(C)C2CN(C(=O)CCc3ccccc3)C(C(=O)NC(CC3CCNC3=O)C(O)C(N)=O)C21
5RL3,VEP,CCC(=O)N(c1ccc(C(C)(C)C)cc1)C(C(=O)NC1CCOCC1)c1cccnc1
5RMF,NX7,O=C(c1c(F)cccc1F)N1CCCC1
5SON,WW1,CC(CSc1nnc2[nH]cnn12)c1ccccc1
7MB2,YVM,C#CCOCCC(=O)NC(Cc1ccc(F)cc1)C(=O)NC(Cc1ccccc1)C(=O)NC(CCC(=O)OCC)CC1CCNC1=O
5RH2,UH7,Cc1ccncc1NC(=O)Cc1cccc(Cl)c1
7T43,FN2,CC(C)CC(NC(=O)OC1CC2(C1)CN(C(=O)Cc1ccccc1)C2)C(=O)NC(CC1CCNC1=O)C(O)S(=O)(=O)O
7T43,FP8,CC(C)CC(NC(=O)OC1CC2(C1)CN(C(=O)Cc1ccccc1)C2)C(=O)NC(CC1CCNC1=O)C(O)S(=O)(=O)O
7U29,4WI,CC(C)(C)C(NC(=O)C(F)(F)F)C(=O)N1CC2C(C1C(=O)NC(C=N)CC1CCNC1=O)C2(C)C
5SPG,RZI,Nc1nc(N)c2ncn(Cc3csc(C4CC4)n3)c2n1
8E4R,K36,CC(C)CC(NC(=O)OCc1ccccc1)C(=O)NC(CC1CCNC1=O)C(O)S(=O)(=O)O
7M8Z,YTV,CC(C)(O)CCOc1cc(Cl)cc(-c2cc(-c3c[nH]c(=O)[nH]c3=O)cn(-c3cccnc3)c2=O)c1
7ENE,J7R,CNC(=O)c1cc(Br)cc([N+](=O)[O-])c1NC1CCCCC1NC(=O)c1cncc2ccccc12
5SPV,S7O,CN(CC(=O)O)C(=O)c1ccc2[nH][nH]c(=O)[n+]2c1
5S2L,VZS,COc1ccc(C)cc1NC(=O)Nn1cnnc1
7K0H,VR4,CC(C)CC(NC(=O)OCc1ccccc1)C(=O)NC(CC1CCNC1=O)C(O)C(=O)NCc1ccccc1
5RGV,UGG,O=C(Cc1cncc2ccccc12)Nc1ccccc1
5RGM,U1D,CC(=O)NNC(=O)c1cc2c(s1)CCCC2
7FR8,WXF,CC1CN(C(=O)c2ccnc3[nH]c(O)nc23)CCO1
5RSI,W5D,c1nc(N2CCCCCOCC2)c2cc[nH]c2n1
5R7Z,HWH,CC(=O)NCCc1c[nH]c2ccc(F)cc12
5SL0,B0V,COCC(=O)Nc1c(C)cc(C)cc1C
7LW3,SAH,Nc1ncnc2c1ncn2C1OC(CSCCC(N)C(=O)O)C(O)C1O
7CX9,GKF,O=Cc1cccc2c(I)n[nH]c12
5RFE,JGG,N#Cc1ccc(CNC(=O)N2CCOCC2)cc1
5S2M,VZY,Cc1cccc(C(=O)NCC(=O)O)c1
5SMH,7ZC,COc1ccc2[nH]cc(CN(C)C)c2c1
5S2G,JHJ,COc1ccc(NC(=O)Nc2ccncc2)cc1
7VU6,7YY,Cn1cnc(Cn2c(=O)nc(Nc3cc4cn(C)nc4cc3Cl)n(Cc3cc(F)c(F)cc3F)c2=O)n1
6WLC,U5P,O=c1ccn(C2OC(COP(=O)(O)O)C(O)C2O)c(=O)[nH]1
5SSH,RQ8,CC(F)(F)c1cncc(C(=O)NC(Cc2cncc(Br)c2)C(=O)O)c1
5RH3,UHA,Cc1ccncc1NC(=O)C(C)c1cccc(Cl)c1
5RLB,VVJ,CN(C1CCCCCC1)S(C)(=O)=O
5RFP,T7V,CC(=O)NC(C)c1cccc(Cl)c1
5TG1,V56,CC(C)CC1NC(=O)OC(c2cccc(Cl)c2)CCCCCNC(=O)CCC(CO)NC1=O
7TOB,K36,CC(C)CC(NC(=O)OCc1ccccc1)C(=O)NC(CC1CCNC1=O)C(O)S(=O)(=O)O
5SR9,R0H,COC(=O)C1(CO)CCN(c2ncnc3[nH]c4cc(F)ccc4c23)C1
5SPU,S7F,Cc1cc(S(=O)(=O)N2CCCC(C(N)=O)C2)cnc1N
7K40,U5G,CC(C)(C)NC(=O)NC(C(=O)N1CC2C(C1C(=O)NC(CC1CCC1)C(O)C(N)=O)C2(C)C)C(C)(C)C
7EO8,FNO,CC(C)=CCC(O)C1=CC(=O)c2c(O)ccc(O)c2C1=O
7TEK,I2D,O=C(Cc1cccnc1)N(Cc1cccc(Cl)c1)c1ccc(-c2cn[nH]c2)cc1
5RUF,54T,Nc1nc2ccc(Cl)cc2s1
7BIJ,TU8,O=C1NC2(CCc3ccccc32)C(=O)N1c1cncc(F)c1
5SR5,QZ6,O=S1(=O)CCC1CNc1ncnc2[nH]c3cc(F)ccc3c12
5RM9,EJQ,O=C(CN1CCCC1)Nc1ccc(F)cc1
5RM2,UXG,OC1CN(C(c2ccccc2)c2ccccc2)C1
7X08,EIC,CCCCC/C=C\C/C=C\CCCCCCCC(=O)O
7D7L,GXU,COCCn1c2c([n+](Cc3cnccn3)c1C)C(=O)c1ccccc1C2=O
7D7L,CFF,Cn1c(=O)c2c(ncn2C)n(C)c1=O
8DZ2,4WI,CC(C)(C)C(NC(=O)C(F)(F)F)C(=O)N1CC2C(C1C(=O)NC(C=N)CC1CCNC1=O)C2(C)C
7TQ6,IT3,CCCC1CC1COC(=O)NC(CC(C)C)C(=O)NC(CC1CCNC1=O)C(O)S(=O)(=O)O
7TQ6,ITG,CCCC1CC1COC(=O)NC(CC(C)C)C(=O)NC(CC1CCNC1=O)C(O)S(=O)(=O)O
5WKK,AW4,CC(C)CC(NC(=O)OCCc1cccc(Cl)c1)C(=O)NC(CC1CCNC1=O)C(O)S(=O)(=O)O
5WKK,B3G,CC(C)CC(NC(=O)OCCc1cccc(Cl)c1)C(=O)NC(CC1CCNC1=O)C(O)S(=O)(=O)O
5S3Z,W34,COc1cccc(C2CCOCC2N)c1
7MAT,H37,N=C(N)NCCCC(NC(=O)C(Cc1ccccc1)NC(=O)C(N)Cc1ccccc1)C(=O)CCl
7M8X,YTJ,COCCOc1cc(Cl)cc(-c2cc(-c3ccccc3C#N)cn(-c3cccnc3)c2=O)c1
5RT4,4BX,O=C(O)CCc1nc2ccccc2[nH]1
5S2F,K0G,O=C(Nc1ccccc1)Nc1cccnc1
5S2U,VXD,Cc1c(Cl)cccc1NC(=O)CN
5RL4,VEV,CCC(=O)N(c1ccc(C(C)(C)C)cc1)C(C(=O)NC)c1cccnc1
5RVF,W8D,Nc1ncn(CC2CCCO2)c2ncnc1-2
7C7P,SV6,CCCC(NC(=O)C1C2CCCC2CN1C(=O)C(NC(=O)C(NC(=O)c1cnccn1)C1CCCCC1)C(C)(C)C)C(O)C(=O)NC1CC1
7TX0,AR6,Nc1ncnc2c1ncn2C1OC(COP(=O)(O)OP(=O)(O)OCC2OC(O)C(O)C2O)C(O)C1O
8D4M,K36,CC(C)CC(NC(=O)OCc1ccccc1)C(=O)NC(CC1CCNC1=O)C(O)S(=O)(=O)O
5DG6,V66,CC(C)(C)OC(=O)NC1CCc2nnc(o2)CCCCCNC(=O)CCC(CO)NC(=O)C(CC2CCCCC2)NC1=O
5RTI,6U6,O=C(O)CCc1nc2cc(Cl)ccc2s1
7L13,XF7,O=c1[nH]cc(-c2cc(-c3cc(Cl)cc(OCc4ccccc4Cl)c3)c(=O)n(-c3cccnc3)c2)c(=O)[nH]1
5S3Y,W2Y,CC1C(C(N)=O)CCCN1S(C)(=O)=O
5RG2,T9M,C=CCNC(=O)C(NC(C)=O)C(C)O
5SKW,LF6,Cc1n/c(=N/C2CCCC2CO)s[nH]1
7M02,YKY,CC(C)CC(NC(=O)OCc1ccccc1F)C(=O)NC(CC1CC=NC1=O)C(O)S(=O)(=O)O
7M02,YL7,CC(C)CC(NC(=O)OCc1ccccc1F)C(=O)NC(CC1CC=NC1=O)C(O)S(=O)(=O)O
5SPY,QJ0,O=C(CSc1nnn[nH]1)c1c[nH]c2ncc(Br)cc12
8E64,WEL,CC(C)CC(NC(=O)OCC(C)(C)Sc1nc2ccccc2[nH]1)C(=O)NC(CC1CCNC1=O)C(O)S(=O)(=O)O
8E64,WEQ,CC(C)CC(NC(=O)OCC(C)(C)Sc1nc2ccccc2[nH]1)C(=O)NC(CC1CCNC1=O)C(O)S(=O)(=O)O
6W79,X77,CC(C)(C)c1ccc(N(C(=O)c2c[nH]cn2)C(C(=O)NC2CCCCC2)c2cccnc2)cc1
6W79,MES,O=S(=O)([O-])CC[NH+]1CCOCC1
8E26,4WI,CC(C)(C)C(NC(=O)C(F)(F)F)C(=O)N1CC2C(C1C(=O)NC(C=N)CC1CCNC1=O)C2(C)C
8DRV,1PE,OCCOCCOCCOCCOCCO
5RET,T47,CC(=O)N1CCN(Cc2cccc(Cl)c2)CC1
7M01,YKV,CC(C)CC(NC(=O)OC(Cc1ccccc1)C1CCC(F)(F)CC1)C(=O)NC(CC1CCNC1=O)C(O)S(=O)(=O)O
7M01,YKS,CC(C)CC(NC(=O)OC(Cc1ccccc1)C1CCC(F)(F)CC1)C(=O)NC(CC1CCNC1=O)C(O)S(=O)(=O)O
7OGN,ACP,Nc1ncnc2c1ncn2C1OC(COP(=O)(O)OP(=O)(O)CP(=O)(O)O)C(O)C1O
7OGN,GTP,Nc1nc2c(ncn2C2OC(COP(=O)(O)OP(=O)(O)OP(=O)(O)O)C(O)C2O)c(=O)[nH]1
6VGY,QZJ,CCC1CCC(OC(=O)NC(CC(C)C)C(=O)NC(CO)CC2CCNC2=O)CC1
6M0K,FJC,O=CC(CC1CCNC1=O)NC(=O)C(Cc1cccc(F)c1)NC(=O)c1cc2ccccc2[nH]1
5SQK,QS6,OC1CCC(Nc2ncnc3[nH]ccc23)C1
7LYI,YHI,CC1(C)C2CN(C(=O)OCc3ccccc3)C(C(=O)NC(CO)CC3CCNC3=O)C21
7RVP,7VQ,CC(C)C(NC(=O)OCc1ccccc1)C(=O)NC(Cc1ccco1)C(=O)NC(CO)CC1CCNC1=O
5SL2,LFO,CNC(=O)c1cn(C)c2ccccc12
8E65,WF5,CC(C)CC(NC(=O)OCC(C)(C)Oc1ccc(Cl)cc1)C(=O)NC(CC1CCNC1=O)C(O)S(=O)(=O)O
7TE0,4WI,CC(C)(C)C(NC(=O)C(F)(F)F)C(=O)N1CC2C(C1C(=O)NC(C=N)CC1CCNC1=O)C2(C)C
7DHJ,H6R,C#CCC(NC(=O)/C=C/c1ccccc1)C(=O)NC(C=O)CC1CCNC1=O
5RTX,6OT,NS(=O)(=O)c1cc(Cl)cc(Cl)c1
7L8I,AG7,CCOC(=O)CCC(CC1CCNC1=O)NC(=O)C(CC(=O)C(NC(=O)c1cc(C)on1)C(C)C)Cc1ccc(F)cc1
7NT3,UQZ,C=CC(=O)N(CCC)C(C(=O)NCc1ccc2c(c1)OCO2)c1cccc(O)c1
5E0H,5LH,CC(C)CC1NC(=O)C(NC(=O)OCc2ccccc2)Cc2cn(nn2)CCCNC(=O)CCC(CO)NC1=O
7SDC,I80,CC1(C)C2CN(C(=O)COc3ccc(OC(F)(F)F)cc3)C(C(=O)NC(CO)CC3CCNC3=O)C21
7K0E,K36,CC(C)CC(NC(=O)OCc1ccccc1)C(=O)NC(CC1CCNC1=O)C(O)S(=O)(=O)O
7WYL,G7L,C=CC(=O)N(C)Cc1nc(C(F)(F)F)cs1
5RT2,5OF,O=C(O)Cc1n[nH]c(=O)c2ccccc12
8BZV,ADN,Nc1ncnc2c1ncn2C1OC(CO)C(O)C1O
8BZV,MES,O=S(=O)([O-])CC[NH+]1CCOCC1
7T46,F8C,CC(C)CC(NC(=O)OC1CC2(CCN(C(=O)C(C)C)CC2)C1)C(=O)NC(CC1CCNC1=O)C(O)S(=O)(=O)O
7T46,F5L,CC(C)CC(NC(=O)OC1CC2(CCN(C(=O)C(C)C)CC2)C1)C(=O)NC(CC1CCNC1=O)C(O)S(=O)(=O)O
5SSE,ROO,Cc1oc(CNc2ncnc3[nH]c4ccccc4c23)cc1C(=O)O
7FRB,WXT,CC(C)C(CNC(=O)C1(C)CCC1)Nc1ncnc2[nH]cnc12
6W63,X77,CC(C)(C)c1ccc(N(C(=O)c2c[nH]cn2)C(C(=O)NC2CCCCC2)c2cccnc2)cc1
5C5N,SLH,O=CC(Cc1cnc[nH]1)NCC1CC2CCCCC2CN1C(=O)CCNc1ccccc1
7RVZ,7YW,CC(C)CC(NC(=O)C(NC(=O)OCc1cccc(Cl)c1)C(C)OC(C)(C)C)C(=O)NC(CO)CC1CCNC1=O
6YZ1,SFG,Nc1ncnc2c1ncn2C1OC(CC(N)CCC(N)C(=O)O)C(O)C1O
6YZ1,MES,O=S(=O)([O-])CC[NH+]1CCOCC1
6XMK,QYS,CC(C)CC(NC(=O)OCC1CCC(F)(F)CC1)C(=O)NC(CC1CCNC1=O)C(O)S(=O)(=O)O
5RVU,6P3,O=C(O)c1ccc(-c2ccccc2)nc1
7RVT,7XK,CC(C)(C)CC(NC(=O)C(NC(=O)OCc1ccccc1)C1CC1)C(=O)NC(CO)CC1CCNC1=O
7NT1,UQW,C=CC(=O)OC(CC)C(=O)NCCc1c[nH]c2ccccc12
5RU5,BXW,O=C1CSc2cc(C(=O)O)ccc2N1
7SDA,8UI,COc1cccc2[nH]c(C(=O)NC(CC(C)(C)C)C(=O)NC(CO)CC3CCNC3=O)cc12
5SPX,QIW,CCc1c[nH]c2ncc(-c3c(C(=O)O)c(C)nn3C)cc12
5RHE,UPD,COc1ccc(NC(=O)C2CCN(C(C)=O)CC2)cn1
7WQI,80I,COc1cccc2[nH]c(C(=O)NC(CC(C)C)C(=O)NC(CC3CCNC3=O)C(=O)COP(=O)(O)O)cc12
5R7Y,JFM,CS(=O)(=O)NCCc1ccccc1
7TEH,I1Z,CC(C)(C)NC(=O)NC(C(=O)N1CC2C(C1C(=O)NC(C=N)CC1CCNC1=O)C2(C)C)C(C)(C)C
6XHO,V34,CCOC(=O)/C=C/C(CC1CCNC1=O)NC(=O)C(CC(C)C)NC(=O)c1cc2c(OC)cccc2[nH]1
7R2V,SAH,Nc1ncnc2c1ncn2C1OC(CSCCC(N)C(=O)O)C(O)C1O
7S75,8I7,CC(C)CC(=O)NC(C(=O)N1CC2C(C1C(=O)NC(CO)CC1CCNC1=O)C2(C)C)C(C)(C)C
5SPL,RW5,Cc1ccc(C2CC(C)CCN2C(=O)c2ncnc3[nH]ccc23)o1
5S2E,VZM,COc1ccc(NC(=O)Nc2cccs2)cn1
5SPH,RZR,CNC(=O)Nc1ccc(C(=O)NC2c3ccccc3CC2C(=O)O)cc1
8E25,4WI,CC(C)(C)C(NC(=O)C(F)(F)F)C(=O)N1CC2C(C1C(=O)NC(C=N)CC1CCNC1=O)C2(C)C
5SSQ,RV3,O=C(NCc1c(C(=O)O)[nH]c2ccccc12)c1ccc2[nH]cnc2c1
7JQ2,VHM,CC(C)C(NC(=O)OCc1ccccc1)C(=O)NC(CC1CCCCC1)C(=O)NC(CO)CC1CCNC1=O
7S3K,Z26,COc1ccc(Cl)cc1CC(=O)Nc1cncc2ccccc12
7TEL,I2N,O=C(Cc1cncc2ccccc12)N(Cc1cc(F)cc(Cl)c1)c1ccc(-c2c[nH]cn2)cc1
7BV2,F86,N#CC1(c2ccc3c(N)ncnn23)OC(COP(=O)(O)O)C(O)C1O
7C8U,K36,CC(C)CC(NC(=O)OCc1ccccc1)C(=O)NC(CC1CCNC1=O)C(O)S(=O)(=O)O
4XBD,M40,O=C(NC(CC1CCCCC1)C(=O)NC(CC1CCNC1=O)C(O)S(=O)(=O)O)OCc1ccccc1
7N44,06I,Cc1scnc1COc1cc(Cl)cc(-c2cc(-c3c[nH]c(=O)[nH]c3=O)cn(-c3cccnc3)c2=O)c1
7KOA,GTA,C[n+]1cn(C2OC(COP(=O)(O)OP(=O)(O)OP(=O)(O)OCC3OC(n4cnc5c(N)ncnc54)C(O)C3O)C(O)C2O)c2nc(N)[nH]c(=O)c21
7KOA,SAM,C[S+](CCC(N)C(=O)[O-])CC1OC(n2cnc3c(N)ncnc32)C(O)C1O
5SOK,RVO,Nc1ncnc(N2CCC(Oc3ccncc3)C2)c1Cl
5SLU,UX1,CNC(=O)C1(Cc2ccccc2F)CC1
7LMG,Y6G,O=C(Cn1nnc2ccccc21)N(Cc1ccsc1)c1ccc(-c2c[nH]cn2)cc1
5SOP,RYI,O=S1(=O)CCC2(CCCN(c3ncnc4[nH]ccc34)C2)C1
6Y2F,O6K,CC(C)(C)OC(=O)Nc1cccn(C(CC2CC2)C(=O)NC(CC2CCNC2=O)C(O)C(=O)NCc2ccccc2)c1=O
5RL5,VEY,CCNC(=O)C(c1cccnc1)N(C(=O)CC)c1ccc(C(C)(C)C)cc1
5SR7,QZX,O=C(O)C1C2CCN(c3ncnc4[nH]c5cc(F)ccc5c34)CC21
5SR7,QZO,O=C(O)C1C2CCN(c3ncnc4[nH]c5cc(F)ccc5c34)CC21
8E1Y,4WI,CC(C)(C)C(NC(=O)C(F)(F)F)C(=O)N1CC2C(C1C(=O)NC(C=N)CC1CCNC1=O)C2(C)C
5SQB,QOF,O=C(NC1c2cccc(O)c2CC1C(=O)O)c1ccc(NCC2CC2)nc1
5SQB,QO3,O=C(NC1c2cccc(O)c2CC1C(=O)O)c1ccc(NCC2CC2)nc1
5RGT,UHS,CCC(=O)N(c1cc(C(C)(C)C)on1)C(C(=O)NC(C)(C)C)c1cccnc1
5SR2,QYC,O=C(Nc1ccc(C(=O)NC2c3cccc(O)c3CC2C(=O)O)cc1)NC1CC1
5RFA,JGY,Cn1ccc(C(=O)NCC2CCCO2)n1
5SPA,RYC,NC(=O)Nc1ccc(C(=O)NC2c3cccc(O)c3CC2C(=O)O)cc1
5SPA,RY6,NC(=O)Nc1ccc(C(=O)NC2c3cccc(O)c3CC2C(=O)O)cc1
7SD9,8T6,CC(C)(C)CC(NC(=O)c1cc2ccccc2[nH]1)C(=O)NC(CO)CC1CCNC1=O
5REG,LWA,NC(=O)c1ccc(NC(=O)C2CCCO2)cc1
7D3I,GQU,O=CC(CC1CCNC1=O)NC(=O)C1C2CCCC2CN1C(=O)CCc1cc(F)cc(F)c1
5SQ2,QJU,Cc1noc(CC2CCCN(c3ncnc4[nH]c5cc(F)ccc5c34)C2)n1
2ZU5,ZU5,CC(C)CC(NC(=O)C(NC(=O)OCc1ccccc1)C(C)OC(C)(C)C)C(=O)NC(CCC(=O)C1CC1)CC1CCNC1=O
7NLL,RTV,CC(=O)NC1COC(CO)C(O)C1O
5RHA,T8M,CC(=O)N1CCN(Cc2cccs2)CC1
7JME,CMP,Nc1ncnc2c1ncn2C1OC2COP(=O)(O)OC2C1O
7L11,XF1,CCCOc1cc(Cl)cc(-c2cc(-c3ccccc3C#N)cn(-c3cccnc3)c2=O)c1
8E6D,UTL,CC(C)CC(NC(=O)OCC(C)(C)Sc1ccc(F)cc1)C(=O)NC(CC1CCNC1=O)C(O)S(=O)(=O)O
5RGH,U0M,Cc1nnc(CN2CCC=C(F)C2)s1
7RVN,7VB,C=C(C)CC(NC(=O)C(NC(=O)OCc1ccccc1)C(C)C)C(=O)NC(CO)CC1CCNC1=O
5RS7,W4Y,CC(C)OCCn1c(=S)[nH]c(=O)c2[nH]ccc21
5SPK,S4F,Nc1ncnc(N2CCCC(CCC(=O)O)C2)c1Cl
5R80,RZG,COC(=O)c1ccc(S(N)(=O)=O)cc1
5RFT,T8A,CC(=O)N1Cc2ccccc2C(c2ccccc2)C1
5RGZ,UH1,N#Cc1cccc(CC(=O)Nc2cccnc2)c1
7ZXU,PG4,OCCOCCOCCOCCO
5S38,S7J,NC(=O)c1cnc(C(F)(F)F)nc1
5SQT,QUR,CC1CN(C(=O)c2cccc3[nH]c(=O)oc23)CC1C(=O)O
5SQT,QV1,CC1CN(C(=O)c2cccc3[nH]c(=O)oc23)CC1C(=O)O
8DGB,B1S,CC(C)CC(NC(=O)OCc1ccccc1)C(=O)NC(CC1CCNC1=O)C(O)S(=O)(=O)O
7C2J,SAM,C[S+](CCC(N)C(=O)[O-])CC1OC(n2cnc3c(N)ncnc32)C(O)C1O
5RVK,2AK,Cc1cc(Br)c2c(c1)C(=O)C(=O)N2
5RME,RYM,N#Cc1ccc(Cn2cnc3ccccc32)cc1
6Z6I,A1R,Nc1ncnc2c1ncn2C1OC(COP(=O)(O)OP(=O)(O)OCC2NCC(O)C2O)C(O)C1O
5SPW,S5O,O=C(O)C1CC2CCC1CN(c1ncnc3nc[nH]c13)C2
6ZRU,U5G,CC(C)(C)NC(=O)NC(C(=O)N1CC2C(C1C(=O)NC(CC1CCC1)C(O)C(N)=O)C2(C)C)C(C)(C)C
7RFU,4YG,CC(C)C(NS(C)(=O)=O)C(=O)N1CC2C(C1C(=O)NC(CC1CCNC1=O)C(O)c1nc3ccccc3s1)C2(C)C
5RE7,T0S,CC(=O)NCc1ccc(S(N)(=O)=O)cc1
5REX,T4V,CC(=O)N1CCN(Cc2cccc3ccccc23)CC1
5REK,T1Y,CC(=O)N1CCN(S(=O)(=O)c2cccc(F)c2)CC1
6WJT,SAH,Nc1ncnc2c1ncn2C1OC(CSCCC(N)C(=O)O)C(O)C1O
7MB0,YVG,CCOC(=O)CCC(CC1CCNC1=O)NC(=O)C(Cc1ccccc1)NC(=O)C(N)Cc1ccccc1
5SLQ,ELQ,CN1CCN(C(=O)c2ccc(F)c(F)c2)CC1
5SPZ,QJC,O=C(c1cn[nH]c(=O)c1)N1CCC(CF)(C(=O)O)C1
5SOO,WW4,c1csc(CC2CCN(c3ncnc4[nH]ccc34)C2)n1
5RSX,YTX,COc1cc(CC(=O)O)ccc1O
4WY3,3X5,O=CC(Cc1cnc[nH]1)NCC1CC2CCCCC2CN1C(=O)c1ccc(-c2ccccc2)cc1
7JYC,NNA,CCCCC(NC(=O)C1C2C(CN1C(=O)C(NC(=O)NC1(CS(=O)(=O)C(C)(C)C)CCCCC1)C(C)(C)C)C2(C)C)C(O)C(=O)NC1CC1
6XHM,V2M,COc1cccc2[nH]c(C(=O)NC(CC(C)C)C(=O)NC(CC3CCNC3=O)C(O)CO)cc12
5RV3,MYI,COc1ccc2[nH]cc(CC(=O)O)c2c1
5SMA,NZD,CN1CCN(C(=O)Nc2ccccc2)CC1
7SGH,99W,CC(C)CC(NC(=O)CNc1c(F)cc(F)cc1F)C(=O)NC(C=N)CC1CCNC1=O
